NAICSCode,(All),,,,,,,,,,,,,
,,,,,,,,,,,,,,
Count of LoanRange,Column Labels,,,,,,,,,,,,,
Row Labels,1,2,3,4,5,6,7,8,9,10,11,Grand Total,#VALUE!,
"JPMorgan Chase Bank, National Association",14431,6429,3091,1757,1214,770,2314,1109,266,155,20,31556,8%,
"Bank of America, National Association",16167,4794,2080,1122,657,450,1173,463,116,55,19,27096,6%,14%
"Kabbage, Inc.",19006,519,252,188,107,65,165,85,9,,,20396,5%,19%
Frost Bank,7003,3278,1852,1199,877,711,2239,1399,413,194,26,19191,5%,24%
"Wells Fargo Bank, National Association",11107,2786,1208,595,371,229,579,202,30,9,9,17125,4%,28%
Cross River Bank,11722,1489,637,331,185,116,291,71,7,,,14849,4%,31%
Celtic Bank Corporation,11272,758,334,183,114,60,197,52,12,,,12982,3%,34%
BBVA USA,4956,2295,1289,720,469,347,1027,482,131,63,18,11797,3%,37%
Prosperity Bank,4607,2049,1130,694,498,337,1080,494,127,53,7,11076,3%,40%
"Zions Bank, A Division of",3921,1242,688,411,321,220,714,519,141,81,25,8283,2%,42%
"First Financial Bank, National Association",2662,1253,663,415,262,176,594,289,73,28,1,6416,2%,43%
Allegiance Bank,2787,1054,574,404,259,176,637,368,62,18,2,6341,2%,
WebBank,4586,703,291,146,55,35,72,18,3,1,,5910,1%,
First United Bank and Trust Company,2101,707,400,243,165,129,390,185,38,24,2,4384,1%,
International Bank of Commerce,2138,764,382,228,136,102,302,132,31,13,1,4229,1%,
Independent Bank,1463,673,390,262,215,148,473,220,55,19,1,3919,1%,
BancorpSouth Bank,1658,726,380,251,182,102,365,181,30,12,1,3888,1%,
Comerica Bank,1428,635,326,203,132,146,401,245,123,50,8,3697,1%,
Amarillo National Bank,1786,536,272,170,114,91,300,174,50,17,7,3517,1%,
Happy State Bank,1718,551,238,177,131,92,253,118,34,6,,3318,1%,
"Readycap Lending, LLC",1760,537,248,129,72,61,149,58,7,5,,3026,1%,
"Spirit of Texas Bank, SSB",1070,574,303,220,150,89,299,163,38,16,2,2924,1%,
Third Coast Bank SSB,978,495,313,215,185,107,355,203,37,27,4,2919,1%,
Woodforest National Bank,1544,400,214,131,100,51,198,89,31,18,3,2779,1%,
PlainsCapital Bank,605,417,287,243,156,127,478,320,91,40,5,2769,1%,
The American National Bank of Texas,1019,505,296,206,123,105,320,147,33,10,2,2766,1%,
Wallis Bank,1328,524,263,158,98,63,198,81,19,10,4,2746,1%,
First State Bank,1379,462,242,142,88,60,182,72,15,11,,2653,1%,
Customers Bank,2028,248,103,71,41,23,59,23,1,,,2597,1%,
Broadway National Bank,931,451,264,179,126,87,275,160,37,18,4,2532,1%,
Lone Star National Bank,1321,420,190,120,73,39,142,53,10,5,,2373,1%,
"BOKF, National Association",824,299,190,114,79,71,231,227,80,29,17,2161,1%,
Veritex Community Bank,730,319,230,158,123,67,303,164,33,22,7,2156,1%,
MBE Capital Partners,1739,255,84,29,17,5,16,3,2,,,2150,1%,
Southside Bank,835,364,217,129,88,71,209,125,37,9,4,2088,1%,
Regions Bank,969,388,197,106,73,48,148,89,31,20,9,2078,0%,
"Austin Bank, Texas National Association",1078,342,165,91,57,45,160,63,13,1,,2015,0%,
"Newtek Small Business Finance, Inc.",1426,307,95,48,36,13,51,23,3,5,,2007,0%,
"CommunityBank of Texas, National Association",600,356,253,138,87,74,271,157,31,19,2,1988,0%,
Truist Bank d/b/a Branch Banking & Trust Co,668,359,175,127,110,64,237,164,43,27,5,1979,0%,
Vista Bank,1081,332,140,76,58,53,99,80,16,1,1,1937,0%,
City Bank,941,319,149,103,65,53,179,68,22,11,1,1911,0%,
Intuit Financing Inc.,1133,391,157,76,41,25,48,12,,1,,1884,0%,
"Capital One, National Association",1065,351,137,85,60,30,92,33,7,4,,1864,0%,
"Guaranty Bank & Trust, National Association",754,341,204,133,88,61,172,79,20,5,2,1859,0%,
"FirstCapital Bank of Texas, National Association",859,271,196,99,59,44,132,72,12,5,1,1750,0%,
"VeraBank, National Association",865,251,170,90,76,52,131,62,10,3,2,1712,0%,
"American Bank, National Association",573,308,207,138,68,76,203,101,31,4,,1709,0%,
Texas First Bank,760,271,178,93,73,45,137,75,13,4,,1649,0%,
WestStar Bank,507,322,178,108,82,63,207,109,28,11,1,1616,0%,
Texas National Bank,935,233,132,64,51,21,86,29,7,3,,1561,0%,
"Affiliated Bank, National Association",838,204,107,80,54,29,137,80,11,7,2,1549,0%,
Pinnacle Bank,669,269,148,85,63,41,111,47,11,3,1,1448,0%,
"Fundbox, Inc.",1245,91,34,21,10,8,16,2,,,,1427,0%,
First United Bank,774,234,101,57,46,31,101,47,15,6,,1412,0%,
Citizens National Bank of Texas,637,254,153,99,55,46,102,37,11,7,1,1402,0%,
Texas Bank and Trust Company,510,227,142,87,78,44,163,103,31,7,1,1393,0%,
"Texas Capital Bank, National Association",264,160,118,93,72,59,230,223,96,67,6,1388,0%,
Origin Bank,523,193,118,76,53,37,184,101,40,13,7,1345,0%,
First National Bank Texas,846,180,97,53,45,25,51,19,2,1,,1319,0%,
"Horizon Bank, SSB",309,175,141,98,59,58,237,117,26,8,,1228,0%,
Inwood National Bank,362,163,97,107,46,51,191,103,29,13,,1162,0%,
Texas Regional Bank,538,214,112,70,37,25,110,43,9,2,,1160,0%,
University FCU,865,140,59,28,12,15,20,2,1,1,,1143,0%,
American Momentum Bank,340,204,126,79,58,53,153,89,25,10,1,1138,0%,
"Commercial Bank of Texas, N.A.",589,170,94,63,55,24,71,40,8,1,,1115,0%,
Security Service FCU,816,135,64,29,18,7,22,6,,,,1097,0%,
Community National Bank,499,162,102,62,53,24,93,58,18,8,,1079,0%,
Texas Bank,618,169,81,56,33,27,56,25,5,2,,1072,0%,
InterBank,554,196,92,45,35,26,72,34,8,4,2,1068,0%,
First Community Bank,437,212,104,53,50,30,89,45,8,2,1,1031,0%,
Bank of the West,392,131,119,91,67,45,115,52,8,6,,1026,0%,
Simmons Bank,336,144,106,79,75,29,131,77,28,14,5,1024,0%,
Citizens State Bank,529,170,85,51,32,22,58,34,4,,1,986,0%,
"LiftFund, Inc.",733,108,42,19,8,15,20,,,,,945,0%,
Texas Security Bank,169,168,87,73,45,45,162,106,43,13,1,912,0%,
Vantage Bank Texas,202,178,104,76,42,41,148,65,19,7,1,883,0%,
American Bank of Commerce,327,119,84,62,39,32,109,58,8,3,1,842,0%,
First Bank,482,146,59,30,14,12,54,18,4,2,,821,0%,
Security State Bank & Trust,383,168,92,37,38,16,65,14,3,3,,819,0%,
Community National Bank & Trust of Texas,439,157,68,36,25,20,41,20,4,3,,813,0%,
NewFirst National Bank,314,157,95,49,37,26,83,41,4,3,,809,0%,
Jefferson Bank,217,163,106,57,47,26,106,70,11,1,2,806,0%,
"Pioneer Bank, SSB",194,140,100,84,52,36,114,45,15,6,,786,0%,
GECU,553,118,43,26,7,7,22,8,1,,,785,0%,
"Cadence Bank, National Association",166,115,71,47,29,33,121,95,43,32,15,767,0%,
Trustmark National Bank,280,119,76,51,36,26,82,62,18,10,1,761,0%,
First National Bank Baird d/b/a First Bank Texas,402,153,58,30,21,20,44,21,5,,,754,0%,
Live Oak Banking Company,211,141,115,67,41,30,91,35,7,4,,742,0%,
First Texas Bank,320,135,75,53,46,22,64,24,2,1,,742,0%,
Peoples Bank,377,153,60,32,27,18,49,20,4,1,,741,0%,
"Amerant Bank, National Association",538,59,47,19,15,8,30,19,3,1,,739,0%,
The Bank of San Antonio,185,110,85,51,38,28,112,83,32,10,,734,0%,
North Dallas Bank & Trust Company,295,146,61,33,39,20,79,34,7,,,714,0%,
Hancock Whitney Bank,211,132,59,46,36,30,99,65,15,17,3,713,0%,
First National Bank,430,104,45,33,22,10,33,13,6,5,,701,0%,
The First State Bank,374,110,61,47,22,11,50,18,6,1,,700,0%,
Southwestern National Bank,413,140,47,25,14,9,33,11,3,1,,696,0%,
Texas Dow Empl CU,474,96,37,24,17,6,22,10,2,1,,689,0%,
Texas Community Bank,302,144,64,39,36,25,49,23,4,,,686,0%,
First Horizon Bank,265,88,27,27,33,24,82,75,27,19,8,675,0%,
"Golden Bank, National Association",327,148,67,32,23,25,39,12,2,,,675,0%,
FirstBank Southwest,344,121,65,28,19,12,47,16,3,,,655,0%,
First National Bank of Central Texas,268,106,60,36,26,18,78,48,7,2,,649,0%,
"TransPecos Banks, SSB.",383,95,47,25,17,13,42,12,4,,1,639,0%,
Moody National Bank,244,108,64,49,23,27,79,33,7,3,1,638,0%,
Citizens Bank,284,140,52,35,21,12,45,22,4,,,615,0%,
SouthWest Bank,166,95,69,49,31,18,87,65,14,6,,600,0%,
"Texan Bank, National Association",295,118,51,26,22,7,53,21,5,1,,599,0%,
"Hometown Bank, National Association",261,124,57,31,25,20,60,13,6,2,,599,0%,
"SouthStar Bank, S.S.B.",323,103,41,31,24,14,43,14,3,,,596,0%,
"SouthTrust Bank, National Association",299,108,50,34,12,13,45,22,6,,,589,0%,
Plains State Bank,240,79,58,38,36,22,74,34,4,,,585,0%,
Rio Bank,309,95,67,30,21,12,31,15,4,,,584,0%,
"Keystone Bank, National Association",319,65,43,40,17,16,46,26,7,1,2,582,0%,
East West Bank,252,117,52,32,19,18,44,33,7,7,1,582,0%,
First Home Bank,330,83,34,32,21,13,45,14,4,2,,578,0%,
AccessBank Texas,263,127,45,39,22,22,38,19,2,,,577,0%,
First-Citizens Bank & Trust Company,91,103,83,73,44,29,100,35,8,5,,571,0%,
Credit Human FCU,435,68,22,10,4,2,6,6,1,,,554,0%,
"FC Marketplace, LLC (dba Funding Circle)",233,141,55,42,30,17,32,1,,,,551,0%,
Pointbank,258,103,47,35,28,14,41,19,2,1,,548,0%,
Texas Champion Bank,279,98,44,34,21,7,34,20,4,3,3,547,0%,
Bank OZK,248,87,42,27,20,14,55,39,8,4,1,545,0%,
BancFirst,156,97,73,61,25,17,52,39,18,4,1,543,0%,
EECU,362,76,34,15,10,5,18,5,,,,525,0%,
Texas Brand Bank,229,88,53,26,20,11,53,28,8,1,,517,0%,
Navy FCU,439,36,12,8,5,1,5,1,,,,507,0%,
River City FCU,386,57,24,7,3,2,10,1,,,,490,0%,
"Legend Bank, National Association",263,88,45,22,15,12,25,11,4,2,,487,0%,
The City National Bank of Sulphur Springs,241,92,52,32,13,13,31,11,1,,,486,0%,
"Texas Citizens Bank, National Association",86,86,81,45,30,24,76,41,12,4,,485,0%,
Central National Bank,218,76,38,29,20,15,36,30,11,1,,474,0%,
R Bank,156,82,45,35,17,25,66,31,10,5,,472,0%,
Texas Hill Country Bank,262,79,40,23,13,13,17,15,5,2,,469,0%,
Navy Army Community CU,382,43,16,13,4,1,8,1,1,,,469,0%,
"Texas Gulf Bank, National Association",128,84,84,34,25,19,39,30,8,3,,454,0%,
Capital Bank,135,95,47,44,25,19,55,24,3,2,,449,0%,
AimBank,148,92,55,31,20,13,58,23,3,,2,445,0%,
American National Bank & Trust,173,86,41,33,16,13,56,24,1,2,,445,0%,
Lone Star State Bank of West Texas,175,82,46,31,27,10,45,19,5,2,,442,0%,
American Express National Bank,176,87,45,30,18,12,50,16,5,2,,441,0%,
Falcon International Bank,213,85,43,29,16,10,29,7,,1,1,434,0%,
Texas National Bank of Jacksonville,246,64,31,19,17,3,28,6,3,,,417,0%,
United Bank of El Paso del Norte,117,69,54,47,25,16,54,26,5,,,413,0%,
Radius Bank,249,45,23,24,9,10,30,12,2,1,1,406,0%,
Alliance Bank,191,60,46,23,12,18,31,16,5,1,,403,0%,
First National Bank Albany/Breckenridge,218,67,28,16,15,9,26,14,6,,,399,0%,
A+ FCU,296,52,22,8,7,4,7,1,,,,397,0%,
PeopleFund,314,47,19,5,3,3,4,,,,,395,0%,
American State Bank,207,69,30,17,15,7,35,10,1,2,,393,0%,
"U.S. Bank, National Association",186,57,41,36,9,13,32,12,3,1,2,392,0%,
National United,218,67,37,23,10,8,15,13,1,,,392,0%,
"BTH Texas, National Association",87,56,50,35,19,20,64,46,11,4,,392,0%,
"Kleberg Bank, National Association",174,61,32,33,20,13,28,17,5,1,,384,0%,
First Basin CU,294,41,13,9,6,4,12,3,,,,382,0%,
Sage Capital Bank,200,76,28,17,13,8,21,12,,1,,376,0%,
"The Bank & Trust, SSB",201,67,32,16,14,15,18,6,1,,,370,0%,
Austin County State Bank,196,58,33,13,11,10,31,10,2,3,,367,0%,
Hanmi Bank,199,71,26,20,9,6,17,8,1,,,357,0%,
The First National Bank of McGregor d/b/a TFNB Your Bank for Life,145,73,47,24,11,11,32,10,1,,,354,0%,
Pioneer Mutual FCU,297,43,5,1,2,,4,,,,,352,0%,
Dominion Bank,119,55,46,16,9,13,37,33,10,9,4,351,0%,
The MINT National Bank,159,53,33,14,9,9,47,16,4,,,344,0%,
The First National Bank of Hughes Springs,216,54,20,16,10,4,14,6,1,2,,343,0%,
First National Bank of Huntsville,200,54,26,21,14,9,14,5,,,,343,0%,
West Texas National Bank,120,68,46,15,14,13,37,15,4,3,1,336,0%,
Herring Bank,157,64,42,21,12,10,19,7,,,,332,0%,
Unity National Bank of Houston,244,39,12,11,6,3,9,1,,,,325,0%,
Benchmark Bank,183,50,17,14,13,4,26,12,4,1,,324,0%,
Ciera Bank,139,51,30,27,18,8,31,15,4,,,323,0%,
First Bank & Trust,128,61,26,20,18,15,28,15,6,3,1,321,0%,
"Incommons Bank, National Association",251,30,13,11,3,3,5,1,1,,,318,0%,
First National Bank of Burleson,181,53,35,10,13,3,17,5,,,,317,0%,
"T Bank, National Association",84,71,39,36,23,18,36,4,3,1,,315,0%,
"Community Bank & Trust, Waco, Texas",107,77,34,20,12,8,36,15,2,4,,315,0%,
"Extraco Banks, National Association",77,54,44,22,18,17,46,21,7,4,,310,0%,
One World Bank,117,59,37,25,15,12,21,14,6,1,,307,0%,
Lamar National Bank,137,50,25,20,15,6,26,20,5,1,,305,0%,
"Washington Federal Bank, National Association",188,37,24,12,7,6,16,8,5,1,,304,0%,
Worthington National Bank,77,66,36,23,29,18,36,14,5,,,304,0%,
Frontier Bank of Texas,141,66,19,15,11,11,27,9,4,1,,304,0%,
Red River Empl FCU,226,30,23,8,4,3,7,2,,,,303,0%,
Texas Heritage Bank,151,40,25,22,17,10,23,8,2,2,,300,0%,
TexStar National Bank,106,63,33,24,16,10,25,19,1,2,,299,0%,
Resource One CU,224,38,12,6,5,4,6,,,,,295,0%,
"Texas Advantage Community Bank, National Association",151,41,20,16,12,11,26,12,2,1,,292,0%,
Accion,248,21,8,3,3,2,1,,,,,286,0%,
"Bank of DeSoto, National Association",158,56,14,21,11,8,12,6,,,,286,0%,
Amplify CU,196,38,15,9,5,4,14,1,,,,282,0%,
"First Commercial Bank, National Association",111,55,32,18,14,7,31,7,,1,,276,0%,
Valliance Bank,125,43,20,24,8,5,35,7,5,1,,273,0%,
Charter Bank,130,46,19,15,14,6,16,14,3,3,,266,0%,
Pilgrim Bank,143,57,24,12,9,4,9,4,2,1,,265,0%,
Ennis State Bank,99,44,40,18,13,16,26,6,,3,,265,0%,
Texas State Bank,135,40,20,19,15,1,25,8,1,,,264,0%,
The First Liberty National Bank,122,52,32,19,8,5,11,11,2,,,262,0%,
"Trinity Bank, National Association",72,41,19,18,16,13,45,27,8,2,,261,0%,
First National Bank of Weatherford,142,39,30,10,9,10,13,7,1,,,261,0%,
Crockett National Bank,136,42,25,15,10,3,19,9,2,,,261,0%,
Nizari Progressive FCU,220,28,4,5,,1,1,1,,,,260,0%,
Fountainhead SBF LLC,25,43,55,39,27,13,49,7,2,,,260,0%,
American First National Bank,136,51,20,22,7,4,17,2,,,,259,0%,
The First National Bank of Livingston,124,42,26,15,9,10,22,8,1,1,,258,0%,
Grandview Bank,150,42,19,20,6,5,10,6,,,,258,0%,
b1Bank,94,48,26,17,10,6,27,26,1,2,1,258,0%,
"UMB Bank, National Association",82,37,14,16,9,7,32,31,15,11,2,256,0%,
Central Bank,82,49,37,21,10,13,29,14,1,,,256,0%,
The First National Bank of Bastrop,105,56,30,19,11,4,18,7,2,,,252,0%,
The First National Bank of Sonora,124,43,21,16,14,3,22,7,1,,,251,0%,
"Business Bank of Texas, National Association",99,44,20,12,13,9,32,15,1,,,245,0%,
Lakeside Bank,108,45,24,10,12,7,24,10,3,1,,244,0%,
Citizens National Bank,92,44,18,20,11,8,30,13,4,,,240,0%,
Western Heritage Bank,56,52,27,22,18,16,29,15,2,1,,238,0%,
Commerce Bank,96,42,23,19,11,6,20,14,5,2,,238,0%,
Ozona National Bank,112,36,30,13,8,7,23,7,,,,236,0%,
Northeast Bank,118,56,21,11,6,9,10,1,1,1,,234,0%,
The Bank of Austin,93,27,17,8,11,8,38,23,2,6,,233,0%,
Itria Ventures LLC,166,31,11,6,4,6,8,1,,,,233,0%,
Farmers State Bank,147,35,20,4,6,3,8,7,2,1,,233,0%,
First Bank of the Lake,67,50,32,22,17,7,24,8,1,2,,230,0%,
State Bank of Texas,139,48,18,8,4,3,5,3,1,,,229,0%,
Liberty Capital Bank,84,33,15,12,17,7,33,23,3,2,,229,0%,
"BSD Capital, LLC dba Lendistry",105,44,32,17,11,7,11,1,,,,228,0%,
"Fayette Savings Bank, ssb",110,44,31,11,4,3,13,9,2,,,227,0%,
"Bank of Houston, National Association",70,37,13,17,11,7,35,20,11,6,,227,0%,
Round Top State Bank,86,45,24,9,15,10,23,10,2,2,,226,0%,
The Brenham National Bank,109,34,22,16,11,3,23,5,2,,,225,0%,
"Investar Bank, National Association",119,27,11,15,5,9,25,10,3,1,,225,0%,
"Citizens Bank, National Association",95,35,15,14,11,4,29,12,4,2,2,223,0%,
"Dallas Capital Bank, National Association",48,24,18,12,18,7,46,32,9,6,2,222,0%,
Greater Nevada CU,106,36,16,9,9,2,18,14,8,1,,219,0%,
First National Bank of Omaha,112,48,18,15,5,3,11,6,1,,,219,0%,
First National Bank in Port Lavaca,133,38,19,14,3,3,6,3,,,,219,0%,
Midwest Regional Bank,106,38,22,17,10,10,7,4,1,2,,217,0%,
First State Bank of Uvalde,91,58,18,15,5,3,17,6,3,1,,217,0%,
Bank of Hope,83,59,28,25,3,5,11,,2,,,216,0%,
State Bank of De Kalb,112,31,23,8,6,5,17,10,1,,1,214,0%,
MCBank,131,25,21,13,5,3,12,4,,,,214,0%,
Greater State Bank,98,50,15,22,10,5,11,2,,,,213,0%,
Commonwealth Business Bank,125,46,18,6,3,6,7,,2,,,213,0%,
First State Bank of Texas,94,47,14,8,11,1,27,9,1,,,212,0%,
Schertz Bank & Trust,66,46,23,22,14,7,22,11,,,,211,0%,
Alliance Bank Central Texas,128,29,17,10,7,3,9,5,,,,208,0%,
Sundown State Bank,100,43,19,14,4,4,13,8,,2,,207,0%,
"INTRUST Bank, National Association",139,33,8,15,3,4,1,,,2,,205,0%,
"First Federal Community Bank, SSB",106,38,21,9,6,6,10,6,,1,,203,0%,
"Harvest Small Business Finance, LLC",31,52,38,23,11,8,20,14,2,2,,201,0%,
Guadalupe Bank,99,39,14,19,7,6,12,3,1,,,200,0%,
HomeBank Texas,104,25,12,9,13,7,14,13,2,,1,200,0%,
"Texas Republic Bank, National Association",66,33,26,10,11,8,26,12,2,1,1,196,0%,
Wellington State Bank,119,40,15,4,3,,12,2,,,,195,0%,
Idaho First Bank,85,29,18,20,7,5,16,13,1,1,,195,0%,
Stearns Bank National Association,64,58,22,14,12,4,14,6,,,,194,0%,
Great Plains National Bank,63,25,8,10,6,13,32,28,4,1,1,191,0%,
"Sunflower Bank, National Association",37,27,32,24,10,10,23,19,5,1,,188,0%,
"Classic Bank, National Association",120,26,11,8,7,5,6,3,1,1,,188,0%,
FirstLight FCU,119,24,19,7,4,1,10,3,,,,187,0%,
BMO Harris Bank National Association,60,16,17,9,8,3,24,17,11,15,7,187,0%,
First State Bank of Odem,93,40,12,14,9,6,11,,1,,,186,0%,
Security State Bank,83,39,20,14,6,2,13,6,1,,,184,0%,
Shinhan Bank America,112,41,7,7,3,1,11,,,,,182,0%,
Metro City Bank,63,43,35,13,10,7,8,,,,,179,0%,
Silicon Valley Bank,19,27,11,9,6,7,37,39,16,5,1,177,0%,
Gulf Capital Bank,39,16,18,12,16,10,30,22,4,9,1,177,0%,
Arvest Bank,41,28,35,23,14,5,17,8,5,1,,177,0%,
The Falls City National Bank,101,37,10,4,6,4,9,2,,,,173,0%,
Crossroads Bank,104,25,12,6,6,3,13,2,1,1,,173,0%,
Farmers Insurance Group FCU,128,32,6,2,1,,1,,,,,170,0%,
Texas Heritage National Bank,84,35,7,9,5,6,13,5,3,1,,168,0%,
Coleman County State Bank,95,24,19,6,4,2,14,4,,,,168,0%,
Farmers Bank & Trust Company,30,39,19,10,3,10,35,16,5,1,,168,0%,
The First National Bank of Ballinger,73,41,17,4,9,4,12,5,2,,,167,0%,
Hope Enterprise Corporation,138,16,3,,2,1,5,1,,,,166,0%,
The National Bank of Andrews,66,34,14,4,5,10,18,11,3,,,165,0%,
First Guaranty Bank,84,26,18,11,6,1,6,9,1,,,162,0%,
The First National Bank of Bellville,88,28,17,8,2,7,7,3,1,,,161,0%,
First Savings Bank,59,31,15,8,9,3,19,13,2,,,159,0%,
The Pecos County State Bank,71,33,16,5,7,6,9,8,1,,,156,0%,
Citizens Bank of Las Cruces,76,30,8,11,8,6,7,5,3,1,,155,0%,
"Shelby Savings Bank, SSB",62,36,18,7,9,2,18,2,,,,154,0%,
Texas Trust CU,92,32,8,2,4,6,10,,,,,154,0%,
Security National Bank of Omaha,65,27,9,7,12,5,17,9,1,1,,153,0%,
CDC Small Business Finance Corporation,112,21,8,6,,1,4,,,,,152,0%,
Velocity CU,97,26,10,3,2,,2,2,2,,,144,0%,
The Waggoner National Bank of Vernon,97,26,10,2,3,1,2,1,1,1,,144,0%,
Citizens National Bank at Brownwood,80,26,16,7,5,3,5,2,,,,144,0%,
BOC Bank,67,21,12,7,8,5,12,8,2,2,,144,0%,
"Captex Bank, National Association",77,30,7,6,,6,6,8,2,1,,143,0%,
Peoples State Bank of Hallettsville,72,27,19,7,4,2,7,2,1,1,,142,0%,
First Community CU,87,29,8,3,1,4,5,1,,,,138,0%,
The Liberty National Bank in Paris,59,33,14,5,6,4,10,4,1,,,136,0%,
The First National Bank of Granbury,78,24,10,8,6,4,5,1,,,,136,0%,
The State National Bank of Big Spring,49,37,24,9,4,3,7,3,,,,136,0%,
The Commercial National Bank of Brady,79,34,9,4,2,1,6,,,,,135,0%,
"Lone Star Capital Bank, National Association",56,18,12,12,8,6,15,7,1,,,135,0%,
Oakwood Bank,50,26,12,4,5,6,17,7,5,2,,134,0%,
BOM Bank,44,22,25,10,12,2,12,5,2,,,134,0%,
Fifth Third Bank,44,31,5,6,3,6,13,17,3,1,4,133,0%,
First National Bank of Hereford,60,28,16,5,3,5,8,7,,,,132,0%,
Houston FCU,94,19,7,6,2,,3,1,,,,132,0%,
Muenster State Bank,67,29,12,8,6,,8,,1,,,131,0%,
The City National Bank of Taylor,76,20,14,2,5,2,8,3,,,,130,0%,
The Lamesa National Bank,70,36,9,4,2,4,4,1,,,,130,0%,
PrimeWay FCU,57,33,13,6,4,2,11,3,,1,,130,0%,
First National Bank of Bosque County,85,13,13,4,1,,7,6,,1,,130,0%,
First State Bank of Burnet,60,28,13,6,5,1,11,3,3,,,130,0%,
"Bank of Brenham, N.A.",66,30,10,4,3,5,9,2,1,,,130,0%,
City National Bank of Florida,6,34,29,19,5,3,16,10,3,1,2,128,0%,
CrossFirst Bank,41,8,14,12,2,5,22,14,4,5,1,128,0%,
MidFirst Bank,39,16,17,7,4,3,15,15,5,2,2,125,0%,
"Community Banks of Colorado, A Division of",30,20,14,13,8,5,15,15,3,2,,125,0%,
"Transportation Alliance Bank, Inc. d/b/a TAB Bank, Inc.",48,34,15,9,5,3,7,1,1,,1,124,0%,
ValueBank Texas,46,38,11,6,4,4,6,3,,,,118,0%,
"Farm Bureau Bank, FSB",87,19,5,1,1,,3,1,,,,117,0%,
Carter FCU,89,14,2,2,2,2,2,2,1,1,,117,0%,
The Citizens National Bank of Hillsboro,61,19,14,8,2,,8,1,1,1,,115,0%,
Spectra Bank,65,18,7,7,5,3,5,4,,1,,115,0%,
Mesquite CU,80,14,10,8,1,1,1,,,,,115,0%,
Regent Bank,103,5,2,,1,1,1,1,,,,114,0%,
Providence Bank,30,32,11,9,3,2,11,9,5,1,,113,0%,
Legacy Bank,59,18,7,2,6,2,8,5,3,2,,112,0%,
The Roscoe State Bank,68,25,7,2,2,3,2,2,,,,111,0%,
Commercial National Bank of Texarkana,30,27,14,8,4,5,15,6,,,,109,0%,
Interstate Bank,57,21,6,7,4,3,4,4,2,,,108,0%,
The First National Bank of Floydada,66,26,3,4,,2,5,1,,,,107,0%,
TruFund Financial Services Inc,99,3,2,1,1,1,,,,,,107,0%,
"Providence Bank of Texas, SSB",46,18,11,9,4,2,10,7,,,,107,0%,
Spring Hill State Bank,58,14,14,5,4,2,9,1,,,,107,0%,
The Bancorp Bank,23,30,21,9,3,5,11,4,,,,106,0%,
"Mineola Community Bank, S.S.B.",65,26,7,3,,,1,2,2,,,106,0%,
United Community Bank,25,34,16,7,9,4,6,3,1,,,105,0%,
UBank,47,25,10,7,4,5,5,2,,,,105,0%,
The American National Bank of Mount Pleasant,57,15,11,6,2,2,9,2,,,,104,0%,
First National Bank of Jasper,46,22,11,5,6,2,6,4,1,,,103,0%,
The Northern Trust Company,45,16,9,6,5,4,8,7,1,1,,102,0%,
Altra FCU,81,10,1,4,1,,2,1,,,,100,0%,
First Capital Bank,60,17,5,8,2,2,4,,,,,98,0%,
"Capital Farm Credit, ACA",59,21,7,,,1,6,3,1,,,98,0%,
POINTWEST BANK,71,12,6,2,1,2,1,2,,,,97,0%,
"Citibank, N.A.",29,13,6,4,6,5,18,11,1,3,1,97,0%,
"PNC Bank, National Association",18,12,6,9,3,1,8,11,8,12,8,96,0%,
Anahuac National Bank,36,26,6,10,2,2,10,4,,,,96,0%,
The First National Bank of Shiner,49,19,6,4,3,3,6,3,2,,,95,0%,
Cache Valley Bank,39,27,7,5,2,3,9,2,1,,,95,0%,
Industry State Bank,50,13,11,3,2,3,7,4,,1,,94,0%,
The Karnes County National Bank,53,22,10,3,2,,3,,,,,93,0%,
"TBK Bank, SSB",32,6,12,4,3,2,14,14,3,2,1,93,0%,
National Bank & Trust,53,16,9,3,4,4,3,1,,,,93,0%,
First Service Credit Union,73,12,2,,1,2,2,1,,,,93,0%,
The First National Bank of Mertzon,53,12,9,8,2,1,3,3,,,,91,0%,
PromiseOne Bank,62,16,5,5,2,,,,,,,90,0%,
Gulf Coast Bank and Trust Company,23,11,13,7,5,6,13,7,1,4,,90,0%,
Cy Fair FCU,59,25,5,1,,,,,,,,90,0%,
The Perryton National Bank,48,16,9,5,1,3,3,3,,,,88,0%,
Community Bank,42,16,7,6,6,,8,2,1,,,88,0%,
Western Bank,45,13,6,8,2,5,6,2,,,,87,0%,
"Texana Bank, National Association",44,13,7,9,3,1,7,1,2,,,87,0%,
"Fund-Ex Solutions Group, LLC",19,21,14,5,8,6,10,2,,,,85,0%,
TCF National Bank,49,15,3,,1,3,5,5,2,1,,84,0%,
Sonabank,40,19,6,6,3,4,3,2,,,,83,0%,
City National Bank,14,10,8,5,3,2,27,8,1,3,2,83,0%,
CIBC Bank USA,1,3,6,3,1,4,15,36,4,6,3,82,0%,
Pacific Premier Bank,2,15,33,15,4,2,2,6,1,,1,81,0%,
Generations Community FCU,62,11,3,1,,,3,1,,,,81,0%,
"CRF Small Business Loan Company, LLC",65,7,3,1,,1,3,,,1,,81,0%,
The First National Bank of Quitaque,61,11,5,1,,,1,1,,,,80,0%,
1st Community FCU,47,17,6,1,1,,5,1,1,1,,80,0%,
The First National Bank of East Texas,56,11,8,3,,,1,,,,,79,0%,
Ally Bank,,3,,1,2,4,14,29,21,4,1,79,0%,
KeyBank National Association,6,9,13,3,2,2,16,14,4,8,1,78,0%,
First Security State Bank,49,11,7,2,3,1,1,2,2,,,78,0%,
Citizens State Bank of Luling,52,14,6,3,1,1,1,,,,,78,0%,
Pearland State Bank,23,17,9,7,2,2,12,4,1,,,77,0%,
Mason Bank,45,11,13,5,1,1,1,,,,,77,0%,
First National Bank of Giddings,46,9,6,2,2,,7,3,1,,,76,0%,
Castroville State Bank,44,13,8,2,3,1,5,,,,,76,0%,
"Blue Ridge Bank, National Association",23,21,12,3,3,2,5,3,2,2,,76,0%,
Texoma Community CU,55,8,3,2,1,2,,1,,,,72,0%,
Western Commerce Bank,52,11,5,1,1,,,1,,,,71,0%,
The Morris County National Bank of Naples,56,8,3,3,,,,,1,,,71,0%,
First Command Bank,36,15,7,2,6,,5,,,,,71,0%,
Citizens 1st Bank,47,9,5,5,2,1,2,,,,,71,0%,
The First National Bank of Tom Bean,27,9,9,6,7,3,6,3,,,,70,0%,
Randolph-Brooks FCU,35,13,10,2,2,,6,2,,,,70,0%,
"Titan Bank, National Association",16,10,7,6,1,3,6,14,2,3,1,69,0%,
Texas Bank Financial,37,8,4,6,2,1,9,1,1,,,69,0%,
Members Trust of the Southwest FCU,43,11,8,3,2,,2,,,,,69,0%,
First National Bank of Dublin,45,9,5,2,1,,5,1,,,,68,0%,
First State Bank of San Diego,22,14,11,5,1,1,10,3,1,,,68,0%,
Associated CU of Texas,50,11,6,,,1,,,,,,68,0%,
"United Midwest Savings Bank, National Association",45,13,3,5,1,,,,,,,67,0%,
The First National Bank of Eldorado,42,8,3,2,,1,4,4,2,,,66,0%,
Seacoast Commerce Bank,20,14,5,10,5,1,6,5,,,,66,0%,
Renasant Bank,7,3,2,,2,2,15,34,1,,,66,0%,
First National Bank of South Padre Island,42,9,9,,2,1,3,,,,,66,0%,
Commercial State Bank,28,11,6,8,5,1,5,2,,,,66,0%,
Junction National Bank,39,13,7,2,2,,1,,,,,64,0%,
The First National Bank of Sterling City,41,12,4,1,1,2,2,,,,,63,0%,
The First National Bank of Evant,31,11,12,3,1,1,2,1,,,,62,0%,
Southwest Heritage CU,25,15,6,3,1,4,5,3,,,,62,0%,
The Jacksboro National Bank,36,11,5,2,1,2,2,2,,,,61,0%,
Open Bank,27,13,4,5,5,1,4,2,,,,61,0%,
Haskell National Bank,39,14,2,1,1,,3,1,,,,61,0%,
Clearinghouse CDFI PPP,60,1,,,,,,,,,,61,0%,
West Texas State Bank,39,10,4,1,,,3,3,,,,60,0%,
"TrustTexas Bank, S.S.B.",34,14,5,3,2,2,,,,,,60,0%,
The First National Bank of Eagle Lake,23,24,7,2,,2,2,,,,,60,0%,
Lone Star Bank,22,17,8,3,2,1,4,1,2,,,60,0%,
First National Bank of Anderson,28,8,4,3,3,1,6,7,,,,60,0%,
"MetaBank, National Association",14,10,4,4,3,,6,9,6,2,1,59,0%,
LCA Bank Corporation,33,9,4,2,3,2,3,2,,,,58,0%,
"HSBC Bank USA, National Association",3,5,2,,4,2,15,14,6,5,1,57,0%,
Community First National Bank,28,16,4,3,1,1,2,,2,,,57,0%,
First Republic Bank,21,11,2,4,1,1,9,5,,1,1,56,0%,
The Commercial Bank,44,7,,,4,,,,,,,55,0%,
Liberty Bank and Trust Company,21,13,4,4,1,1,5,5,1,,,55,0%,
Fidelity Bank of Texas,41,5,5,2,2,,,,,,,55,0%,
The First National Bank in Falfurrias,29,9,6,1,1,,3,5,,,,54,0%,
Stockmans Bank,24,14,5,2,2,1,6,,,,,54,0%,
Border FCU,45,6,,1,,,1,,,1,,54,0%,
Sanger Bank,31,11,5,,1,,3,2,,,,53,0%,
Congressional Bank,17,3,3,1,,1,5,19,3,1,,53,0%,
Texell CU,50,1,1,,,,,,,,,52,0%,
Johnson City Bank,33,7,5,1,1,1,3,1,,,,52,0%,
Columbia State Bank,1,4,13,12,10,1,11,,,,,52,0%,
The Yoakum National Bank,29,14,5,,,2,,1,,,,51,0%,
American Lending Center,48,1,2,,,,,,,,,51,0%,
"BankUnited, National Association",12,10,5,7,2,1,9,5,,,,51,0%,
First National Bank of Alvin,18,12,10,2,4,,3,,1,,,50,0%,
"OneWest Bank, A Division of",6,6,8,2,,1,15,7,3,1,,49,0%,
Las Colinas FCU,23,11,4,2,2,1,5,1,,,,49,0%,
Northwest FCU,40,4,2,1,,,1,,1,,,49,0%,
The Security State Bank,30,8,3,4,1,2,,,,,,48,0%,
Tejas Bank,11,9,7,3,2,1,6,8,1,,,48,0%,
DuGood Federal Credit Union,35,8,3,,,,1,1,,,,48,0%,
AmeriState Bank,25,8,5,4,1,,4,1,,,,48,0%,
Bandera Bank,30,8,7,,1,1,1,,,,,48,0%,
Carmine State Bank,26,9,3,2,2,,5,,,,,47,0%,
The First National Bank of Kemp,28,11,5,1,,1,,,,,,46,0%,
The First National Bank of Aspermont,32,10,,,,1,,2,1,,,46,0%,
Equity Bank,27,7,1,2,1,,2,3,1,2,,46,0%,
Bank Five Nine,4,8,9,2,7,4,11,1,,,,46,0%,
The First Bank of Celeste,18,7,6,3,,,6,3,2,,,45,0%,
The Hondo National Bank,34,7,1,3,,,,,,,,45,0%,
The Buckholts State Bank,27,8,4,3,,1,1,1,,,,45,0%,
Llano National Bank,31,7,3,1,1,1,,1,,,,45,0%,
Pacific City Bank,15,14,6,2,3,1,2,2,,,,45,0%,
Cathay Bank,16,9,5,5,1,2,3,2,1,1,,45,0%,
Amistad Bank,25,8,4,2,,3,3,,,,,45,0%,
America's Christian CU,31,7,4,,1,,2,,,,,45,0%,
Security Bank of Crawford,15,13,5,5,1,1,2,1,1,,,44,0%,
"Stride Bank, National Association",19,3,4,2,2,2,10,,1,1,,44,0%,
First Bank of Owasso,24,5,3,2,3,1,2,3,1,,,44,0%,
Centennial Bank,13,4,,2,2,2,6,14,1,,,44,0%,
"First Federal Bank Littlefield, Texas",25,12,3,2,,,1,,,,,43,0%,
First IC Bank,33,5,4,,1,,,,,,,43,0%,
First Bank and Trust of Childress,24,14,2,1,,,1,,,1,,43,0%,
Fayetteville Bank,23,10,4,1,,,5,,,,,43,0%,
Ameris Bank,14,13,9,2,1,,4,,,,,43,0%,
United Texas CU,18,12,5,2,1,2,2,,,,,42,0%,
Pavillion Bank,17,10,2,5,1,1,3,3,,,,42,0%,
First State Bank of Bedias,19,8,6,1,,2,4,2,,,,42,0%,
Del Norte Bank,13,9,2,4,,4,6,4,,,,42,0%,
First American Bank,14,5,3,3,6,4,4,3,,,,42,0%,
InTouch CU,27,11,2,,,1,,,,,,41,0%,
Pacific Western Bank,8,5,4,3,1,4,5,8,3,,,41,0%,
The Brady National Bank,25,5,3,2,1,,2,2,,,,40,0%,
Life FCU,34,3,,,1,,2,,,,,40,0%,
FirstBank,20,7,3,2,1,1,3,3,,,,40,0%,
"Bank of Whittier, National Association",36,2,1,,,,,1,,,,40,0%,
Sabine State Bank & Trust Company,11,12,7,2,1,2,3,,1,,,39,0%,
First Financial Bank,16,6,3,3,1,1,3,3,2,1,,39,0%,
"Amur Equipment Finance, Inc.",34,3,,,,,2,,,,,39,0%,
Byline Bank,7,5,9,7,,,9,1,,,1,39,0%,
United Texas Bank,17,7,4,1,1,2,1,3,2,,,38,0%,
IncredibleBank,8,5,3,1,2,2,8,4,4,1,,38,0%,
"Cypress Bank, SSB",21,8,2,2,4,,,,1,,,38,0%,
Bank 7,12,6,5,3,1,,6,2,2,,1,38,0%,
The Huntington National Bank,6,2,1,2,1,1,5,6,7,4,2,37,0%,
Small Business Bank,28,5,1,,,1,2,,,,,37,0%,
Woori America Bank,22,7,5,,1,,1,,,,,36,0%,
Texas Financial Bank,20,8,2,,1,,3,2,,,,36,0%,
FinWise Bank,8,4,3,3,2,1,4,9,2,,,36,0%,
AgTexas Farm Credit Services,15,19,2,,,,,,,,,36,0%,
"Bremer Bank, National Association",7,4,2,3,,5,5,5,1,2,1,35,0%,
First National Bank of Fort Stockton,14,6,4,,4,,3,3,,,,34,0%,
Bank of South Texas,7,10,5,5,1,1,5,,,,,34,0%,
"Prestamos CDFI, LLC",30,2,,,,,,1,,,,33,0%,
First-Lockhart National Bank,14,4,4,3,2,2,2,1,1,,,33,0%,
First Bank and Trust of Memphis,15,8,5,2,,1,2,,,,,33,0%,
"Big Bend Banks, National Association",22,6,2,1,,,1,1,,,,33,0%,
BankVista,18,2,,,7,3,3,,,,,33,0%,
MapleMark Bank,13,4,1,1,2,1,5,3,1,1,,32,0%,
"Cendera Bank, National Association",18,5,2,2,3,1,1,,,,,32,0%,
Peoples Bank and Trust Company,6,4,5,1,4,1,4,5,,1,,31,0%,
Enterprise Bank & Trust,5,2,2,2,3,5,4,3,1,4,,31,0%,
Evolve Bank & Trust,9,5,4,3,3,3,3,1,,,,31,0%,
Community Service CU,20,3,3,1,3,,1,,,,,31,0%,
"Centerstone SBA Lending, Inc.",3,8,7,2,2,2,6,,1,,,31,0%,
The National Bank of Texas at Fort Worth,14,6,5,3,,,2,,,,,30,0%,
Kress National Bank,21,6,3,,,,,,,,,30,0%,
Glacier Bank,8,6,11,,1,,1,2,1,,,30,0%,
Go FCU,23,5,,,1,,1,,,,,30,0%,
"Colonial Savings, F.A.",12,7,7,,1,,1,2,,,,30,0%,
Union Bank and Trust Company,7,7,1,1,2,1,7,2,1,,,29,0%,
"Flagstar Bank, FSB",12,3,4,2,,1,3,4,,,,29,0%,
Community Federal Savings Bank,,,1,2,2,,7,16,,1,,29,0%,
Farmers State Bank of NewCastle,13,4,5,1,,1,4,,,1,,29,0%,
Diamond Bank,12,7,5,2,,,2,1,,,,29,0%,
Riverview Bank,,,5,3,3,4,8,5,,,,28,0%,
First Internet Bank of Indiana,4,5,10,5,,,4,,,,,28,0%,
US Metro Bank,8,10,5,2,,1,,1,,,,27,0%,
Pioneer Bank,9,4,4,1,4,1,2,2,,,,27,0%,
Henderson Federal Savings Bank,14,2,3,2,,2,2,2,,,,27,0%,
Community Bank of Louisiana,4,1,1,,1,1,3,15,,1,,27,0%,
"TD Bank, National Association",7,4,2,1,2,2,6,1,1,,,26,0%,
"Sunrise Banks, National Association",20,2,2,,,,2,,,,,26,0%,
Freedom Bank,10,6,3,,1,1,3,1,1,,,26,0%,
Central Bank of St. Louis,2,7,5,3,3,2,3,1,,,,26,0%,
Berkshire Bank,4,3,,5,4,1,8,1,,,,26,0%,
Axos Bank,16,7,1,,,1,,1,,,,26,0%,
RCB Bank,4,1,8,7,5,,,,,,,25,0%,
Synovus Bank,7,3,2,2,,1,6,4,,,,25,0%,
Grand Bank,8,2,1,2,3,3,2,3,1,,,25,0%,
Great Southern Bank,11,5,,1,1,2,2,3,,,,25,0%,
Five Star Bank,4,4,4,4,3,1,3,2,,,,25,0%,
Gulf Coast Bank,16,2,2,2,,2,1,,,,,25,0%,
Benworth Capital,11,4,6,3,,,1,,,,,25,0%,
Western Alliance Bank,4,2,1,2,1,1,11,,1,1,,24,0%,
High Plains Bank,8,2,6,3,1,,2,2,,,,24,0%,
Fannin Bank,13,4,5,,,,2,,,,,24,0%,
Air Force FCU,21,1,1,,,,1,,,,,24,0%,
"Village Bank and Trust, National Association",1,13,2,1,,,3,2,1,,,23,0%,
Vibrant CU,7,4,2,2,,1,4,2,1,,,23,0%,
Thrivent FCU,20,2,1,,,,,,,,,23,0%,
Umpqua Bank,10,1,6,1,,1,3,,1,,,23,0%,
The State National Bank of Groom,11,5,2,1,2,1,1,,,,,23,0%,
Signature Bank,2,1,1,2,1,1,8,4,,3,,23,0%,
Mid Penn Bank,8,1,,3,5,1,2,3,,,,23,0%,
First Texoma National Bank,16,4,1,2,,,,,,,,23,0%,
Citizens National Bank of Crosbyton,14,3,2,2,1,,,1,,,,23,0%,
"Vision Bank, National Association",12,4,3,,1,,1,1,,,,22,0%,
Touchmark National Bank,2,2,9,5,3,1,,,,,,22,0%,
"SNB Bank, National Association",8,3,3,1,,1,3,3,,,,22,0%,
NCMIC Finance Corporation,19,3,,,,,,,,,,22,0%,
Meadows Bank,1,1,3,5,2,1,8,,,,,21,0%,
First State Bank Nebraska,7,5,3,2,,1,1,2,,,,21,0%,
Eastman CU,20,1,,,,,,,,,,21,0%,
Anthem Bank & Trust,15,3,1,,,1,,1,,,,21,0%,
Manufacturers and Traders Trust Company,4,1,2,,1,,4,4,4,,,20,0%,
First Oklahoma Bank,8,,1,6,1,2,1,1,,,,20,0%,
"Farmers State Bank of Alto Pass, Illinois",7,5,1,4,2,,,1,,,,20,0%,
Community Bank of Mississippi,6,2,3,4,2,,2,1,,,,20,0%,
The First National Bank of Hebbronville,11,6,1,,,,1,,,,,19,0%,
ServisFirst Bank,2,2,3,,,,5,4,,3,,19,0%,
Mountain America FCU,13,1,2,1,,,2,,,,,19,0%,
Great Western Bank,5,1,,1,1,2,7,2,,,,19,0%,
Farmers & Stockmens Bank,8,2,2,1,1,,2,2,,1,,19,0%,
"Atlantic Capital Bank, National Association",3,4,2,,3,1,5,1,,,,19,0%,
Anchor D Bank,12,3,1,,,,3,,,,,19,0%,
Bank of Bartlett,16,,,,1,,2,,,,,19,0%,
Bank of Colorado,12,1,,3,,1,1,1,,,,19,0%,
The First National Bank of Moody,6,7,,2,,1,2,,,,,18,0%,
"The Bank of San Jacinto County, Coldsprings, Texas",11,4,2,,,1,,,,,,18,0%,
Opportunity Fund Community Development,17,1,,,,,,,,,,18,0%,
Paragon Bank,6,9,,1,,,1,1,,,,18,0%,
"Lake Forest Bank & Trust Company, National Association",,5,4,1,1,1,1,2,,,3,18,0%,
First Security Bank,9,3,1,,2,,,2,,1,,18,0%,
"First Western SBLC, Inc",3,5,6,3,,,1,,,,,18,0%,
CFG Community Bank,,1,,,,1,12,4,,,,18,0%,
CoBank ACB,,1,3,5,1,1,5,2,,,,18,0%,
"Vast Bank, National Association",8,4,,1,,,2,1,,1,,17,0%,
Wood & Huston Bank,11,3,,,2,,,,,1,,17,0%,
First National Bank of Winnsboro,11,,1,1,1,2,1,,,,,17,0%,
First Liberty Bank,2,5,4,1,,,4,1,,,,17,0%,
Coastal Community Bank,4,2,2,1,,1,5,1,1,,,17,0%,
Community State Bank,12,3,2,,,,,,,,,17,0%,
El Paso Area Teachers FCU,12,4,1,,,,,,,,,17,0%,
Continental Bank,14,2,,,,,1,,,,,17,0%,
Conway Bank,5,3,2,2,2,1,1,1,,,,17,0%,
Chartway FCU,14,2,1,,,,,,,,,17,0%,
Capital Bank of Texas,8,3,,3,,,3,,,,,17,0%,
Assemblies of God CU,12,1,2,,,,2,,,,,17,0%,
Liberty National Bank,6,2,5,,,2,,1,,,,16,0%,
HomeStreet Bank,2,2,1,3,1,2,3,1,1,,,16,0%,
First International Bank & Trust,,1,3,1,2,,7,2,,,,16,0%,
First National Bank and Trust Company of Ardmore,10,1,2,1,1,,1,,,,,16,0%,
Central Pacific Bank,11,,1,1,,,2,1,,,,16,0%,
Coastal States Bank,1,1,3,1,2,,5,1,1,1,,16,0%,
"Axiom Bank, National Association",1,,1,,1,1,6,5,1,,,16,0%,
Barksdale FCU,11,1,1,,2,,1,,,,,16,0%,
Notre Dame FCU,8,3,2,1,1,,,,,,,15,0%,
Mabrey Bank,11,,1,,,,2,1,,,,15,0%,
First Commonwealth Bank,,2,2,1,1,,4,4,1,,,15,0%,
First New Mexico Bank,10,2,,2,1,,,,,,,15,0%,
Firstrust Savings Bank,,,1,2,,,8,3,,1,,15,0%,
Cogent Bank,1,3,6,1,,3,1,,,,,15,0%,
Armstrong Bank,7,5,,,,1,2,,,,,15,0%,
Busey Bank,4,2,3,1,,,3,1,1,,,15,0%,
Cen-Tex CDC,4,3,3,4,1,,,,,,,15,0%,
United Bank,10,1,,,2,,,1,,,,14,0%,
Spur Security Bank,9,4,,1,,,,,,,,14,0%,
Midwest BankCentre,8,2,,,,1,,2,1,,,14,0%,
"Hana Small Business Lending, Inc.",5,5,1,2,,,1,,,,,14,0%,
"Graham Savings & Loan, SSB",10,1,1,1,,1,,,,,,14,0%,
Chickasaw Community Bank,8,2,1,,,,3,,,,,14,0%,
Citizens Bank of Ada,4,4,,4,,,2,,,,,14,0%,
Crowell State Bank,11,2,,,1,,,,,,,14,0%,
Buckeye State Bank,,1,1,,,1,2,6,2,1,,14,0%,
"Academy Bank, National Association",4,,,2,,1,2,4,1,,,14,0%,
1st Source Bank,2,1,1,,,,3,5,1,,1,14,0%,
"TIAA Bank, A Division of",12,1,,,,,,,,,,13,0%,
Truity FCU,11,1,1,,,,,,,,,13,0%,
Platte Valley Bank,13,,,,,,,,,,,13,0%,
Lea County State Bank,6,1,,,,,2,2,1,1,,13,0%,
M C Bank & Trust Co.,10,1,1,,1,,,,,,,13,0%,
NBKC Bank,10,,,,1,,,1,,1,,13,0%,
"Citizens National Bank, National Association",9,1,,,,,2,1,,,,13,0%,
CapStar Bank,3,,2,1,2,2,2,1,,,,13,0%,
Brazos Valley Schools CU,11,2,,,,,,,,,,13,0%,
Bank Leumi USA,,,,,,1,3,8,1,,,13,0%,
Bank of the Panhandle,6,1,1,,1,,3,1,,,,13,0%,
Bank3,2,1,1,1,3,1,2,1,,1,,13,0%,
West Town Bank & Trust,2,3,2,1,,1,3,,,,,12,0%,
Vinings Bank,2,4,,2,,,1,1,2,,,12,0%,
Watermark Bank,2,2,2,1,,,1,1,3,,,12,0%,
Southern Bank,4,3,,3,,2,,,,,,12,0%,
Northwest Bank,5,2,,2,1,,,2,,,,12,0%,
Old National Bank,2,,6,1,1,,1,,1,,,12,0%,
Mechanics Bank,3,,3,,,1,3,2,,,,12,0%,
"Home Bank, National Association",2,2,1,,,,1,3,3,,,12,0%,
City FCU,11,,,,,,1,,,,,12,0%,
1st Choice CU,10,1,1,,,,,,,,,12,0%,
The Salyersville National Bank,5,2,2,,,,2,,,,,11,0%,
Town Center Bank,8,,,1,1,,,1,,,,11,0%,
Progress Bank and Trust,5,,,2,1,,3,,,,,11,0%,
Southern Bancorp Bank,,,,,,3,2,5,1,,,11,0%,
Silver Lake Bank,4,,1,,,,4,,,2,,11,0%,
Pacific Enterprise Bank,7,1,,1,1,,1,,,,,11,0%,
Pantex FCU,11,,,,,,,,,,,11,0%,
People's Bank of Seneca,4,4,,1,,,1,1,,,,11,0%,
Oklahoma State Bank,6,2,1,1,,,,1,,,,11,0%,
First Freedom Bank,4,2,1,,1,,,2,,1,,11,0%,
"Heritage Bank, National Association",10,,,,1,,,,,,,11,0%,
Citizens Bank and Trust Company of Ardmore,6,4,1,,,,,,,,,11,0%,
The Pauls Valley National Bank,8,1,,,1,,,,,,,10,0%,
US Eagle FCU,4,,1,,1,,4,,,,,10,0%,
Republic Bank & Trust Company,2,1,5,,1,,,1,,,,10,0%,
Solera National Bank,5,4,,,,,1,,,,,10,0%,
KS StateBank,1,1,4,4,,,,,,,,10,0%,
Loyal Trust Bank,6,1,1,,,,2,,,,,10,0%,
First Pryority Bank,4,1,1,,,,4,,,,,10,0%,
First National Bank of Louisiana,1,,3,2,,,3,,1,,,10,0%,
FortuneBank,3,6,,,1,,,,,,,10,0%,
"immito, LLC",6,,,2,,,1,1,,,,10,0%,
Cross Keys Bank,4,3,2,,,,,1,,,,10,0%,
Community Bank of Raymore,9,,1,,,,,,,,,10,0%,
Arkansas Capital Corporation,8,1,,1,,,,,,,,10,0%,
Agrow Credit Corporation,3,4,1,,,1,1,,,,,10,0%,
The Education CU,9,,,,,,,,,,,9,0%,
The Granger National Bank,7,1,1,,,,,,,,,9,0%,
The Donley County State Bank,9,,,,,,,,,,,9,0%,
Valley National Bank,4,1,1,,1,,1,1,,,,9,0%,
Unify Financial FCU,4,,,1,,1,3,,,,,9,0%,
Seacoast National Bank,3,2,,,1,,,1,1,1,,9,0%,
Progressive Bank,4,1,2,,,,,2,,,,9,0%,
Security First National Bank of Hugo,6,1,2,,,,,,,,,9,0%,
The Citizens Bank of Edmond,7,1,,1,,,,,,,,9,0%,
Stone Bank,1,1,1,,,,1,4,1,,,9,0%,
First Midwest Bank,1,1,3,1,,,2,1,,,,9,0%,
First Federal Bank of Louisiana,4,3,1,1,,,,,,,,9,0%,
First National Bank of Pennsylvania,2,3,1,,1,,,1,1,,,9,0%,
First Utah Bank,6,1,,1,,,1,,,,,9,0%,
Choice Financial Group,6,,1,,,,,1,1,,,9,0%,
"Farm Credit Services of America, ACA",,,,,,,5,3,1,,,9,0%,
Fidelity Bank,5,1,1,,,,2,,,,,9,0%,
American National Bank,2,1,1,,2,1,2,,,,,9,0%,
CBW Bank,2,3,4,,,,,,,,,9,0%,
BankPlus,5,,1,,,,2,,1,,,9,0%,
Washington Trust Bank,4,,,,1,,3,,,,,8,0%,
The Peoples Bank,5,1,,,,,1,1,,,,8,0%,
Yantis FCU,4,2,2,,,,,,,,,8,0%,
The Farmers & Merchants Bank,,3,1,2,,,2,,,,,8,0%,
Plains Commerce Bank,4,,2,,,,,,,2,,8,0%,
Self-Help FCU,5,,1,,,,,2,,,,8,0%,
St. Louis Bank,4,,,1,1,,1,1,,,,8,0%,
OneUnited Bank,7,,,1,,,,,,,,8,0%,
"MUFG Union Bank, National Association",2,,,1,1,,1,,1,2,,8,0%,
Peoples State Bank,3,3,,1,,,1,,,,,8,0%,
Pacific Mercantile Bank,1,1,3,,1,,,1,1,,,8,0%,
First Secure Bank and Trust Co.,1,1,,,,,5,1,,,,8,0%,
Gibsland Bank & Trust Company,3,3,,,2,,,,,,,8,0%,
Gateway First Bank,5,1,,1,,,,1,,,,8,0%,
Generations Bank,7,,,,,,,1,,,,8,0%,
Hiawatha National Bank,3,1,,,,,,1,1,2,,8,0%,
"Grow America Fund, Incorporated",4,3,1,,,,,,,,,8,0%,
Guaranty Bank & Trust Company,6,1,,1,,,,,,,,8,0%,
Fort Davis State Bank,4,2,1,1,,,,,,,,8,0%,
First Choice Bank,3,1,2,1,,,,1,,,,8,0%,
Cornerstone Bank,2,3,,,,,,3,,,,8,0%,
Alpine Bank,4,2,,,1,,1,,,,,8,0%,
Allied FCU,8,,,,,,,,,,,8,0%,
Blue Sky Bank,4,,,1,,1,1,1,,,,8,0%,
Bank of Hydro,4,3,,,,,1,,,,,8,0%,
Capital Community Bank,2,,1,,3,1,1,,,,,8,0%,
Atlantic Union Bank,1,1,1,,1,,1,2,1,,,8,0%,
Bell Bank,4,,,,,,3,1,,,,8,0%,
Atascosa Bank,5,2,1,,,,,,,,,8,0%,
Western Bank of Clovis,3,,1,1,1,1,,,,,,7,0%,
Vision One CU,2,1,,,,2,2,,,,,7,0%,
"VelocitySBA, LLC",1,2,3,,,1,,,,,,7,0%,
The State Exchange Bank,7,,,,,,,,,,,7,0%,
"The Farmers State Bank of Oakley, Kansas",1,4,,,,,,2,,,,7,0%,
Triumph Bank,3,2,2,,,,,,,,,7,0%,
Sterling Bank,,1,3,1,,1,,1,,,,7,0%,
Rockland Trust Company,4,1,,,,,2,,,,,7,0%,
Sandhills State Bank,,3,2,1,,,1,,,,,7,0%,
The Citizens Bank,1,2,1,1,,,2,,,,,7,0%,
Marlin Business Bank,3,1,,2,1,,,,,,,7,0%,
JD Bank,4,1,1,,,,,1,,,,7,0%,
Lake City Bank,5,,,1,1,,,,,,,7,0%,
Meridian Bank,3,1,2,,,,,,,,1,7,0%,
Jefferson Bank of Missouri,6,,,1,,,,,,,,7,0%,
First National Bank and Trust Company of Weatherford,4,,2,,,,,1,,,,7,0%,
First Interstate Bank,4,2,1,,,,,,,,,7,0%,
First National Bank & Trust Company of McAlester,2,2,1,1,,,,1,,,,7,0%,
Century Bank,2,1,,1,,,1,1,1,,,7,0%,
F & M Bank,2,2,,,,,2,,1,,,7,0%,
ELCA FCU,5,1,1,,,,,,,,,7,0%,
"Connecticut Community Bank, National Association",1,1,1,1,,1,2,,,,,7,0%,
Delta Community CU,6,,1,,,,,,,,,7,0%,
First Business Bank,1,2,,1,1,,1,1,,,,7,0%,
A N E C A FCU,5,,1,,,1,,,,,,7,0%,
Arizona Bank & Trust,,,,,,,1,,3,2,1,7,0%,
Together CU,5,1,,,,,,,,,,6,0%,
Toyota Financial Savings Bank,,,,,,,1,2,1,2,,6,0%,
"The First, A National Banking Association",3,,,2,1,,,,,,,6,0%,
The Community Bank,5,1,,,,,,,,,,6,0%,
Valley Bank of Commerce,4,1,,1,,,,,,,,6,0%,
Texico State Bank,5,1,,,,,,,,,,6,0%,
State Bank of Southern Utah,2,,1,,1,,2,,,,,6,0%,
The Bank of Missouri,4,1,,,,,,1,,,,6,0%,
South Louisiana Bank,2,1,1,,,1,,1,,,,6,0%,
Sterling National Bank,2,,,,,,1,1,1,1,,6,0%,
SouthPoint Bank,4,1,1,,,,,,,,,6,0%,
Savoy Bank,,1,1,,1,,1,2,,,,6,0%,
Southwest Capital Bank,1,1,2,1,1,,,,,,,6,0%,
Security Bank of Pulaski County,6,,,,,,,,,,,6,0%,
Sunwest Bank,,,3,,,,,,2,1,,6,0%,
Parkside Financial Bank & Trust,,2,,,,,1,2,1,,,6,0%,
Park Ridge Community Bank,4,,1,,,,,1,,,,6,0%,
"National Cooperative Bank, National Association",,1,,2,1,,2,,,,,6,0%,
"Leader Bank, National Association",1,1,,,1,,2,1,,,,6,0%,
Park State Bank & Trust,3,,3,,,,,,,,,6,0%,
Kirkpatrick Bank,2,,1,2,,1,,,,,,6,0%,
Millennium Bank,,,,1,3,,1,1,,,,6,0%,
Old Missouri Bank,5,,,,1,,,,,,,6,0%,
LinkBank,,3,2,,,,1,,,,,6,0%,
NBC Oklahoma,3,,1,,,,2,,,,,6,0%,
First Western Trust Bank,2,,,,1,,2,,1,,,6,0%,
HomeTrust Bank,,2,1,,,1,2,,,,,6,0%,
First Security Bank of Deer Lodge,4,1,,,,1,,,,,,6,0%,
First Enterprise Bank,6,,,,,,,,,,,6,0%,
First Federal Bank,1,,2,2,,,,1,,,,6,0%,
First Merchants Bank,2,,,,,,2,2,,,,6,0%,
Hickory Point Bank and Trust,,2,,,,3,1,,,,,6,0%,
First Citizens Bank,4,1,,,,,1,,,,,6,0%,
First Southwest Bank,1,1,,,1,1,2,,,,,6,0%,
First National Bank of Oklahoma,2,2,1,,,,,,1,,,6,0%,
Insbank,1,3,1,,,,1,,,,,6,0%,
First FarmBank,2,,1,,1,,2,,,,,6,0%,
FMS Bank,1,,,2,2,,,1,,,,6,0%,
Emigrant Bank,1,1,,,1,,2,1,,,,6,0%,
"Citizens Bank & Trust Company of Vivian, Louisiana, Inc.",2,2,1,,1,,,,,,,6,0%,
Commercial Bank of California,2,1,1,1,,,1,,,,,6,0%,
CoreFirst Bank & Trust,,,1,2,2,,1,,,,,6,0%,
First Bank & Trust Co.,4,1,,,,1,,,,,,6,0%,
CNB Bank,2,,1,,2,,,1,,,,6,0%,
"Bank of Southern California, National Association",1,,1,2,,1,1,,,,,6,0%,
BankFlorida,2,1,1,2,,,,,,,,6,0%,
Capitol CU,5,,,,1,,,,,,,6,0%,
Caprock FCU,5,1,,,,,,,,,,6,0%,
CalPrivate Bank,1,2,2,,,,,1,,,,6,0%,
Affinity FCU,6,,,,,,,,,,,6,0%,
Western States Bank,,1,1,,,,3,,,,,5,0%,
"The First National Bank and Trust Co, Chickasha, Oklahoma",3,,,,,1,,1,,,,5,0%,
The Piedmont Bank,,1,1,2,,,,,1,,,5,0%,
The Harbor Bank of Maryland,3,,,,,1,,,1,,,5,0%,
Western State Bank,1,,,,2,1,1,,,,,5,0%,
True Sky CU,3,2,,,,,,,,,,5,0%,
Utah First FCU,2,2,,,,,,1,,,,5,0%,
"Wintrust Bank, National Association",,,,2,,,1,2,,,,5,0%,
SpiritBank,3,1,,,,1,,,,,,5,0%,
Texas Associations of Professionals FCU,2,1,2,,,,,,,,,5,0%,
Territorial Bank of American Samoa,5,,,,,,,,,,,5,0%,
"South State Bank, National Association",1,1,1,1,,1,,,,,,5,0%,
Rural Community Assistance Corporation,3,,1,,,,1,,,,,5,0%,
Planters Bank & Trust Company,2,,1,1,1,,,,,,,5,0%,
Security Bank,4,,,,,,,,1,,,5,0%,
Kish Bank,1,4,,,,,,,,,,5,0%,
NoteWorthy FCU,5,,,,,,,,,,,5,0%,
"Peoples National Bank, National Association",5,,,,,,,,,,,5,0%,
iTHINK Financial CU,5,,,,,,,,,,,5,0%,
Merchants and Farmers Bank,2,3,,,,,,,,,,5,0%,
First Service Bank,1,,2,,,,2,,,,,5,0%,
First Fidelity Bank,3,1,1,,,,,,,,,5,0%,
Guaranty Bank,2,1,,1,,,1,,,,,5,0%,
"Florida Capital Bank, National Association",1,2,,2,,,,,,,,5,0%,
Gate City Bank,5,,,,,,,,,,,5,0%,
Fortis Private Bank,,,1,2,1,,,,,1,,5,0%,
Goldenwest FCU,3,,1,,,,1,,,,,5,0%,
Financial Federal Bank,3,,,,2,,,,,,,5,0%,
Farmers & Merchants Bank of Long Beach,,,,3,,,2,,,,,5,0%,
Colony Bank,3,,1,,,,,1,,,,5,0%,
Clear Mountain Bank,4,1,,,,,,,,,,5,0%,
First Chatham Bank,2,1,,,,,2,,,,,5,0%,
Community National Bank & Trust,3,,1,,,,,1,,,,5,0%,
Field & Main Bank,4,,1,,,,,,,,,5,0%,
Bank of the Southwest,4,1,,,,,,,,,,5,0%,
"Banc of California, National Association",2,,,,,,2,1,,,,5,0%,
Adams Bank & Trust,,2,,2,,,,,1,,,5,0%,
Carrollton Bank,,,1,,1,,1,2,,,,5,0%,
Bank of Idaho,2,2,,,,1,,,,,,5,0%,
Bank of George,3,2,,,,,,,,,,5,0%,
Bankwell Bank,2,3,,,,,,,,,,5,0%,
Aquesta Bank,,,1,,,,1,1,2,,,5,0%,
Bank of Ann Arbor,,1,1,,,1,,2,,,,5,0%,
1st Financial Bank USA,4,1,,,,,,,,,,5,0%,
Bank of Springfield,3,,1,1,,,,,,,,5,0%,
American Bank & Trust,2,,,,,,,2,1,,,5,0%,
The Nodaway Valley Bank,,,2,,1,,1,,,,,4,0%,
The Jefferson Bank,,2,,2,,,,,,,,4,0%,
The Citizens National Bank of Meridian,1,1,,,,,1,1,,,,4,0%,
The First National Bank at Paris,2,2,,,,,,,,,,4,0%,
Westside State Bank,3,1,,,,,,,,,,4,0%,
Xceed Financial FCU,4,,,,,,,,,,,4,0%,
Tri Counties Bank,1,1,,2,,,,,,,,4,0%,
Truxton Trust Company,1,,,2,,,,1,,,,4,0%,
The Citizens State Bank,2,,1,,,,1,,,,,4,0%,
Republic Bank of Chicago,,3,,1,,,,,,,,4,0%,
St. Landry Homestead Federal Savings Bank,2,,1,1,,,,,,,,4,0%,
Queensborough National Bank and Trust Company,2,2,,,,,,,,,,4,0%,
Stockman Bank of Montana,1,1,,,,,1,1,,,,4,0%,
Red River Bank,,1,,,,,1,2,,,,4,0%,
Sandia Laboratory FCU,4,,,,,,,,,,,4,0%,
SouthernTrust Bank,3,,,1,,,,,,,,4,0%,
Platinum Bank,2,1,,,1,,,,,,,4,0%,
Royal Business Bank,1,1,,1,,,,1,,,,4,0%,
The Bank,1,,2,,1,,,,,,,4,0%,
Prime Bank,1,2,,1,,,,,,,,4,0%,
"Relyance Bank, National Association",2,,,,1,,,1,,,,4,0%,
Seattle Bank,,1,,2,1,,,,,,,4,0%,
Santa Cruz County Bank,1,1,1,,1,,,,,,,4,0%,
Security Bank and Trust Company,3,,,,,,,1,,,,4,0%,
The Bank of Beaver City,3,,,,,,,,1,,,4,0%,
The Citizens Bank of Clovis,3,1,,,,,,,,,,4,0%,
The Canandaigua National Bank and Trust Company,1,,,1,,,,1,1,,,4,0%,
Montgomery Bank,1,1,,,,,1,,1,,,4,0%,
Michigan State University FCU,4,,,,,,,,,,,4,0%,
Peapack-Gladstone Bank,1,,,,,,,1,1,,1,4,0%,
MidWestOne Bank,1,2,,,,,1,,,,,4,0%,
OakStar Bank,2,1,,,,,,1,,,,4,0%,
Main Street Bank,,1,,,,1,2,,,,,4,0%,
Kensington Bank,1,2,,,,1,,,,,,4,0%,
Neighbors FCU,4,,,,,,,,,,,4,0%,
People's Bank of Commerce,4,,,,,,,,,,,4,0%,
Marine Bank,,,1,1,,,1,1,,,,4,0%,
Midland States Bank,1,1,,,,1,1,,,,,4,0%,
Loan Source Incorporated,3,1,,,,,,,,,,4,0%,
Madison Valley Bank,1,1,1,1,,,,,,,,4,0%,
North Side Federal Savings & Loan Association of Chicago,,2,1,1,,,,,,,,4,0%,
Iowa Falls State Bank,,,,,2,,1,1,,,,4,0%,
First Missouri Bank,3,,,1,,,,,,,,4,0%,
InBank,1,1,,,,,1,1,,,,4,0%,
First New Mexico Bank Las Cruces,1,,1,1,,,1,,,,,4,0%,
First Dakota National Bank,1,,,,,,2,,1,,,4,0%,
Heartland Bank and Trust Company,,1,,,,1,1,1,,,,4,0%,
Grant County State Bank,,1,,,1,1,,1,,,,4,0%,
Frontier State Bank,,,3,,,,1,,,,,4,0%,
Great Nations Bank,4,,,,,,,,,,,4,0%,
"First Mid Bank & Trust, National Association",1,,,1,2,,,,,,,4,0%,
Core Bank,2,1,,1,,,,,,,,4,0%,
Central Bank of Boone County,2,1,1,,,,,,,,,4,0%,
Community First Bank,1,1,1,,,,1,,,,,4,0%,
CLB The Community Bank,3,,,,,,1,,,,,4,0%,
Commercial Bank and Trust Company,3,,,1,,,,,,,,4,0%,
"Central Texas Farm Credit, ACA",2,,2,,,,,,,,,4,0%,
"Chain Bridge Bank, National Association",1,1,1,,,,,1,,,,4,0%,
Central Bank of Oklahoma,2,,1,,,1,,,,,,4,0%,
First Bank and Trust,,1,,1,,1,,1,,,,4,0%,
Bank & Trust Company,1,1,1,1,,,,,,,,4,0%,
Bank Iowa,1,1,,,1,1,,,,,,4,0%,
Bank of Belleville,2,,,,,1,,1,,,,4,0%,
Arbor Bank,,,,,1,,2,1,,,,4,0%,
American Pride Bank,1,1,1,1,,,,,,,,4,0%,
Bank of Hays,2,,1,,,1,,,,,,4,0%,
Bridgewater Bank,1,1,1,1,,,,,,,,4,0%,
Centier Bank,1,1,2,,,,,,,,,4,0%,
Cass Commercial Bank,,1,,,,1,1,1,,,,4,0%,
Bank of Western Oklahoma,2,1,,1,,,,,,,,4,0%,
American State Bank & Trust Company,1,,,,,,2,1,,,,4,0%,
America First FCU,4,,,,,,,,,,,4,0%,
Bank of Blue Valley,2,,,,,,,2,,,,4,0%,
Thomasville National Bank,,1,1,,,,,,,,1,3,0%,
The First National Bank in Creston,,3,,,,,,,,,,3,0%,
Tulsa FCU,1,1,1,,,,,,,,,3,0%,
Yampa Valley Bank,2,,,,,,1,,,,,3,0%,
"The City National Bank and Trust Company of Lawton, Oklahoma",3,,,,,,,,,,,3,0%,
VyStar CU,3,,,,,,,,,,,3,0%,
"World Trade Finance,  Inc.",,1,,,,,,1,1,,,3,0%,
Wasatch Peaks FCU,3,,,,,,,,,,,3,0%,
Towne Bank,1,1,,,,,1,,,,,3,0%,
The Converse County Bank,2,,,,1,,,,,,,3,0%,
"Westfield Bank, FSB",,1,,,,,1,1,,,,3,0%,
Waterman State Bank,,,,,1,,,,2,,,3,0%,
Winnsboro State Bank & Trust Co.,3,,,,,,,,,,,3,0%,
"The Mercantile Bank of Louisiana, Missouri",1,2,,,,,,,,,,3,0%,
The Exchange Bank,1,1,,,,,1,,,,,3,0%,
"Webster Bank, National Association",1,,1,,,,,1,,,,3,0%,
Wright Patt CU Inc,2,1,,,,,,,,,,3,0%,
The First National Bank of Ottawa,,1,,,,,1,1,,,,3,0%,
The First Bank and Trust Company,1,,2,,,,,,,,,3,0%,
The First National Bank and Trust Company of Miami,1,,,2,,,,,,,,3,0%,
Volunteer State Bank,,1,,1,,,,1,,,,3,0%,
The Western State Bank,,2,,1,,,,,,,,3,0%,
The Bank of Tampa,,,,,,1,1,1,,,,3,0%,
"Santander Bank, National Association",,1,,,1,,,1,,,,3,0%,
Production Credit Association of Southern New Mexi,1,1,,,,,1,,,,,3,0%,
Southwest National Bank,1,,,,,,1,,,1,,3,0%,
The Bank of Clovis,1,,,1,,,,1,,,,3,0%,
Rayne State Bank & Trust Company,1,,,1,,,1,,,,,3,0%,
Stock Yards Bank & Trust Company,,1,,,,,,2,,,,3,0%,
"South Central Bank, Inc.",3,,,,,,,,,,,3,0%,
Sanibel Captiva Community Bank,2,1,,,,,,,,,,3,0%,
"Presidential Bank, FSB",2,1,,,,,,,,,,3,0%,
Pony Express Bank,2,1,,,,,,,,,,3,0%,
"Planters Bank, Inc.",2,,,,,,1,,,,,3,0%,
The Bank of Kaukauna,,1,1,,,,,1,,,,3,0%,
The Bank of Kremlin,,1,,,,,1,1,,,,3,0%,
Kendall State Bank,,,2,,,1,,,,,,3,0%,
Main Bank,,,1,,,1,1,,,,,3,0%,
Machias Savings Bank,3,,,,,,,,,,,3,0%,
Mid America Bank,1,1,1,,,,,,,,,3,0%,
"People's United Bank, National Association",1,,,,,,1,1,,,,3,0%,
MidCountry Bank,,,,,1,,1,1,,,,3,0%,
Osgood State Bank,,2,,,1,,,,,,,3,0%,
Kinecta FCU,3,,,,,,,,,,,3,0%,
"Merchants Bank, National Association",,,1,1,,,1,,,,,3,0%,
"Modern Bank, National Association",,,,,,,,1,1,,1,3,0%,
Jonah Bank of Wyoming,,,,,,1,,2,,,,3,0%,
Montecito Bank & Trust,3,,,,,,,,,,,3,0%,
Landmark National Bank,3,,,,,,,,,,,3,0%,
Morton Community Bank,2,,1,,,,,,,,,3,0%,
Optus Bank,3,,,,,,,,,,,3,0%,
Kearny Bank,1,,,,,2,,,,,,3,0%,
Legence Bank,,1,,2,,,,,,,,3,0%,
New Mexico Bank & Trust,,,2,,,,1,,,,,3,0%,
Merchants Bank of Indiana,,1,1,,,,1,,,,,3,0%,
New Millennium Bank,1,1,1,,,,,,,,,3,0%,
Meritrust FCU,2,1,,,,,,,,,,3,0%,
James Polk Stone Community Bank,1,,,,2,,,,,,,3,0%,
Pelican State CU,2,,1,,,,,,,,,3,0%,
Newton Federal Bank,1,,,,1,,1,,,,,3,0%,
mBank,2,,,,,,1,,,,,3,0%,
North State Bank,1,,,,,,1,1,,,,3,0%,
First Southern Bank,,,,,,,1,1,,1,,3,0%,
Firstar Bank,1,,,,,,1,,1,,,3,0%,
Heartland CU,2,,,,,,1,,,,,3,0%,
FivePoint CU,3,,,,,,,,,,,3,0%,
"Hinsdale Bank & Trust Company, National Association",,,,1,,,2,,,,,3,0%,
First Hawaiian Bank,1,,,,1,,1,,,,,3,0%,
Grand Savings Bank,1,2,,,,,,,,,,3,0%,
"Grasshopper Bank, National Association",,,,1,1,,,1,,,,3,0%,
FNBC Bank,1,1,1,,,,,,,,,3,0%,
Fortress Bank,3,,,,,,,,,,,3,0%,
First Community Bank and Trust,2,1,,,,,,,,,,3,0%,
"First State Bank of St. Charles, Missouri",2,,1,,,,,,,,,3,0%,
Home Federal Bank,1,,,,,,,2,,,,3,0%,
First Northern Bank of Wyoming,2,,,1,,,,,,,,3,0%,
Frazer Bank,3,,,,,,,,,,,3,0%,
Heartland Bank,3,,,,,,,,,,,3,0%,
City Bank & Trust Co.,,2,,,,,,1,,,,3,0%,
Farmers Bank,2,1,,,,,,,,,,3,0%,
"Fidelity Bank, National Association",,,,,,,2,1,,,,3,0%,
Central Minnesota CU,3,,,,,,,,,,,3,0%,
Citizens Bank of Rogersville,1,2,,,,,,,,,,3,0%,
Educators CU,3,,,,,,,,,,,3,0%,
CIBM Bank,1,,1,,,1,,,,,,3,0%,
Citywide Banks,1,2,,,,,,,,,,3,0%,
Citizens First Bank,2,,,,,1,,,,,,3,0%,
Civista Bank,1,,1,1,,,,,,,,3,0%,
FineMark National Bank & Trust,3,,,,,,,,,,,3,0%,
ConnectOne Bank,1,,,,,,,2,,,,3,0%,
Chambers Bank,,1,,,,,1,1,,,,3,0%,
Everest FCU,3,,,,,,,,,,,3,0%,
Community Financial Services Bank,1,2,,,,,,,,,,3,0%,
Citizens Equity First CU,3,,,,,,,,,,,3,0%,
Dundee Bank,,,1,1,1,,,,,,,3,0%,
Boeing Empl CU,3,,,,,,,,,,,3,0%,
"Beverly Bank & Trust Company, National Association",1,1,,,,,1,,,,,3,0%,
Anstaff Bank,2,,1,,,,,,,,,3,0%,
American Business Bank,,,1,,,,1,1,,,,3,0%,
Bank of Stockton,1,1,,,,,1,,,,,3,0%,
Banner Bank,,1,,,,,,1,,,1,3,0%,
"Associated Bank, National Association",2,,1,,,,,,,,,3,0%,
Bank of Commerce,2,,,,,,1,,,,,3,0%,
1st Bank Yuma,1,,,,1,1,,,,,,3,0%,
Banterra Bank,,,,1,,1,1,,,,,3,0%,
Bank of St. Francisville,3,,,,,,,,,,,3,0%,
American Bank and Trust Company,2,,1,,,,,,,,,3,0%,
Avidia Bank,1,,1,,,,1,,,,,3,0%,
"American AgCredit, ACA",,,,1,,1,,1,,,,3,0%,
Bank of Grand Lake,2,,,,,,,1,,,,3,0%,
Caldwell Bank & Trust Company,3,,,,,,,,,,,3,0%,
Bank of Pontiac,3,,,,,,,,,,,3,0%,
BankFirst Financial Services,,,,1,,,1,,1,,,3,0%,
Bryant State Bank,2,1,,,,,,,,,,3,0%,
"Canyon Community Bank, National Association",,,,,,1,1,,1,,,3,0%,
Alaska USA FCU,1,,2,,,,,,,,,3,0%,
Banner Capital Bank,2,,1,,,,,,,,,3,0%,
UniBank,,,2,,,,,,,,,2,0%,
"Wilmington Savings Fund Society, FSB",1,,1,,,,,,,,,2,0%,
The State Bank,1,1,,,,,,,,,,2,0%,
Union Bank & Trust Company,1,,,,,,,1,,,,2,0%,
Tri City National Bank,2,,,,,,,,,,,2,0%,
The Farmers National Bank of Canfield,,,1,,,1,,,,,,2,0%,
VISIONBank,1,1,,,,,,,,,,2,0%,
The First National Bank of Las Animas,1,,1,,,,,,,,,2,0%,
The First State Bank of Rosemount,2,,,,,,,,,,,2,0%,
Union National Bank,,,,,,,2,,,,,2,0%,
The First National Bank of Fort Smith,,,,,,,1,,1,,,2,0%,
United Bank & Trust,1,,,1,,,,,,,,2,0%,
The Security National Bank of Enid,,1,,,1,,,,,,,2,0%,
Timberline Bank,1,,,,1,,,,,,,2,0%,
The Peoples Bank & Trust Company of Pointe Coupee Parish,1,1,,,,,,,,,,2,0%,
Today's Bank,,,,,1,,,1,,,,2,0%,
The First National Bank and Trust Company,1,1,,,,,,,,,,2,0%,
"WaterStone Bank, SSB",1,,,,,,,1,,,,2,0%,
Valley Republic Bank,1,,,,,,1,,,,,2,0%,
Waypoint Bank,2,,,,,,,,,,,2,0%,
Valor Bank,1,1,,,,,,,,,,2,0%,
The Fountain Trust Company,2,,,,,,,,,,,2,0%,
Wilson Bank & Trust,2,,,,,,,,,,,2,0%,
The Denison State Bank,2,,,,,,,,,,,2,0%,
The Valley State Bank,1,,1,,,,,,,,,2,0%,
"WesBanco Bank, Inc.",1,,,,,,,1,,,,2,0%,
The First National Bank of Spearville,1,1,,,,,,,,,,2,0%,
West Gate Bank,1,1,,,,,,,,,,2,0%,
The Payne County Bank,2,,,,,,,,,,,2,0%,
The Plains State Bank,,,,,,,1,,1,,,2,0%,
Wyoming Community Bank,1,,,,1,,,,,,,2,0%,
The Union Bank Company,2,,,,,,,,,,,2,0%,
The Greenwood's State Bank,2,,,,,,,,,,,2,0%,
"Western Bank, Artesia, New Mexico",1,,1,,,,,,,,,2,0%,
The First National Bank & Trust,1,1,,,,,,,,,,2,0%,
The Dolores State Bank,1,,,,,,,,1,,,2,0%,
The Park National Bank,,1,,,,1,,,,,,2,0%,
Synergy Bank,2,,,,,,,,,,,2,0%,
Stockmens Bank,2,,,,,,,,,,,2,0%,
Republic First Bank d/b/a Republic Bank,,,,,,1,1,,,,,2,0%,
Security Bank of Kansas City,,,,,,,1,1,,,,2,0%,
State Bank & Trust,2,,,,,,,,,,,2,0%,
SmartBank,,,,,,,1,1,,,,2,0%,
The Central Trust Bank,1,,,,,,1,,,,,2,0%,
Progressive National Bank,2,,,,,,,,,,,2,0%,
The Adirondack Trust Company,1,,1,,,,,,,,,2,0%,
The Bennington State Bank,,1,,,,1,,,,,,2,0%,
Premier Bank of Arkansas,1,1,,,,,,,,,,2,0%,
Pioneer Bank & Trust,2,,,,,,,,,,,2,0%,
Poppy Bank,,,1,1,,,,,,,,2,0%,
Providence Bank & Trust,2,,,,,,,,,,,2,0%,
The Bank of Fayette County,2,,,,,,,,,,,2,0%,
Sandy Spring Bank,2,,,,,,,,,,,2,0%,
"Shamrock Bank, National Association",1,,1,,,,,,,,,2,0%,
Security Financial Bank,,,1,,,,,,1,,,2,0%,
Security State Bank of Oklahoma,1,1,,,,,,,,,,2,0%,
State Bank Northwest,1,,,,,1,,,,,,2,0%,
The Bank of the West,2,,,,,,,,,,,2,0%,
Security First Bank,1,,,,,,1,,,,,2,0%,
Suncoast CU,1,1,,,,,,,,,,2,0%,
S & T Bank,,,,1,,,,1,,,,2,0%,
Premier Bank,,,1,,,,,1,,,,2,0%,
Reliant Bank,1,,,,,,,1,,,,2,0%,
New York Business Development Corporation,1,,,,,,,1,,,,2,0%,
Peoples Bank & Trust,,,,,1,,,,1,,,2,0%,
Minnesota Bank & Trust,,1,1,,,,,,,,,2,0%,
National Bank of Commerce,,,1,,,,,1,,,,2,0%,
International Bank of Chicago,,1,1,,,,,,,,,2,0%,
Northrim Bank,1,,1,,,,,,,,,2,0%,
Israel Discount Bank of New York,1,,,1,,,,,,,,2,0%,
Louisiana FCU,,,,,,,1,1,,,,2,0%,
NextMark FCU,2,,,,,,,,,,,2,0%,
Martha's Vineyard Savings Bank,,,,,,,1,1,,,,2,0%,
Key Community Bank,,2,,,,,,,,,,2,0%,
McCurtain County National Bank,1,1,,,,,,,,,,2,0%,
New Valley Bank & Trust,1,,,1,,,,,,,,2,0%,
Olean Area FCU,1,,,,,,,1,,,,2,0%,
Park State Bank,1,,,,,1,,,,,,2,0%,
Mercantile Bank of Michigan,,,1,,,,1,,,,,2,0%,
Patterson State Bank,2,,,,,,,,,,,2,0%,
Neighborhood National Bank,1,,,,,,,1,,,,2,0%,
Level One Bank,1,,,1,,,,,,,,2,0%,
Minnwest Bank,1,,,,,,,,1,,,2,0%,
Lexicon Bank,1,,,1,,,,,,,,2,0%,
Johnson Bank,,2,,,,,,,,,,2,0%,
Johnson State Bank,2,,,,,,,,,,,2,0%,
Legacy National Bank,,2,,,,,,,,,,2,0%,
Kanza Bank,1,,,1,,,,,,,,2,0%,
Mission Valley Bank,,,1,,,1,,,,,,2,0%,
Midwest Bank,1,,1,,,,,,,,,2,0%,
Northview Bank,2,,,,,,,,,,,2,0%,
First PREMIER Bank,,1,,,,,1,,,,,2,0%,
Horizon Community Bank,1,1,,,,,,,,,,2,0%,
Homeland Federal Savings Bank,2,,,,,,,,,,,2,0%,
First National Bank & Trust Company,,,,,1,,1,,,,,2,0%,
"INB, National Association",2,,,,,,,,,,,2,0%,
Independence Bank,,,1,,,1,,,,,,2,0%,
Grant County Bank,2,,,,,,,,,,,2,0%,
First Secure Community Bank,,1,1,,,,,,,,,2,0%,
First National Bank in DeRidder,1,1,,,,,,,,,,2,0%,
Hawthorn Bank,2,,,,,,,,,,,2,0%,
Idaho Central CU,1,1,,,,,,,,,,2,0%,
First United Bank & Trust,,,1,,,,1,,,,,2,0%,
Hilltop National Bank,2,,,,,,,,,,,2,0%,
First Commercial Bank,,,,1,,,1,,,,,2,0%,
First Foundation Bank,1,,,,,,,,,1,,2,0%,
Great American Bank,,1,,,,,1,,,,,2,0%,
Home Loan State Bank,,,1,,,,1,,,,,2,0%,
"GNBank, National Association",1,,,,1,,,,,,,2,0%,
FirsTier Bank,,1,1,,,,,,,,,2,0%,
Foundation One Bank,1,,,,,,1,,,,,2,0%,
GBC International Bank,1,,,,,,,,,1,,2,0%,
Four Corners Community Bank,,1,,,,1,,,,,,2,0%,
First Education FCU,2,,,,,,,,,,,2,0%,
First Florida Integrity Bank,,,,1,,,1,,,,,2,0%,
First State Bank of DeQueen,,,1,,1,,,,,,,2,0%,
First National Bank of Muscatine,,,,1,,,,,1,,,2,0%,
Highmark FCU,2,,,,,,,,,,,2,0%,
Five Points Bank,2,,,,,,,,,,,2,0%,
Fresno First Bank,,1,,,,,,,,1,,2,0%,
Georgia Banking Company,1,1,,,,,,,,,,2,0%,
Frontier Bank,2,,,,,,,,,,,2,0%,
Gorham Savings Bank,1,,,1,,,,,,,,2,0%,
First Farmers Bank & Trust Co.,,1,,,1,,,,,,,2,0%,
Country Club Bank,1,,,,,,1,,,,,2,0%,
Farmers State Bank & Trust Co,,2,,,,,,,,,,2,0%,
Eastern Bank,,1,,,,,,1,,,,2,0%,
Community State Bank of Missouri,,,,,,,1,1,,,,2,0%,
Citizens Bank & Trust,1,,,1,,,,,,,,2,0%,
City & County CU,,1,,,,,1,,,,,2,0%,
Citizens Business Bank,,,,,,,2,,,,,2,0%,
Community Choice CU,2,,,,,,,,,,,2,0%,
CornerstoneBank,1,,,,1,,,,,,,2,0%,
"Community Trust Bank, Inc.",2,,,,,,,,,,,2,0%,
Deseret First FCU,,1,1,,,,,,,,,2,0%,
CSE FCU,1,,,,,,1,,,,,2,0%,
Digital FCU,,1,1,,,,,,,,,2,0%,
Central Bank of the Midwest,2,,,,,,,,,,,2,0%,
Credit Union of America,2,,,,,,,,,,,2,0%,
Central Bank of the Ozarks,1,,,,,,1,,,,,2,0%,
First Bank of Alabama,,1,,,,1,,,,,,2,0%,
CTBC Bank Corp. (USA).,,,2,,,,,,,,,2,0%,
Farmers and Merchants State Bank of Appleton,2,,,,,,,,,,,2,0%,
Coffee County Bank,1,,,,1,,,,,,,2,0%,
Commerce Bank of Arizona,1,,,1,,,,,,,,2,0%,
Exchange Bank,2,,,,,,,,,,,2,0%,
CommerceWest Bank,1,,,,,,1,,,,,2,0%,
CharterWest Bank,1,,,1,,,,,,,,2,0%,
Desert Financial FCU d/b/a Desert Financial CU,2,,,,,,,,,,,2,0%,
CommunityAmerica CU,,,,1,,,1,,,,,2,0%,
Cornhusker Bank,,1,,,,1,,,,,,2,0%,
F&M Bank,2,,,,,,,,,,,2,0%,
"Dollar Bank, A Federal Savings Bank",1,,,,,,1,,,,,2,0%,
Century Next Bank,2,,,,,,,,,,,2,0%,
Dubuque Bank and Trust Company,,,,,,,,,1,1,,2,0%,
Central Bank & Trust Co.,1,,,1,,,,,,,,2,0%,
Citizens Bank of Chatsworth,,1,1,,,,,,,,,2,0%,
"Dakota Community Bank & Trust, National Association",2,,,,,,,,,,,2,0%,
Eagle Bank,1,,1,,,,,,,,,2,0%,
"Farm Credit Services of Eastern Missouri, PCA",2,,,,,,,,,,,2,0%,
EagleBank,1,,,,,,1,,,,,2,0%,
Cornerstone National Bank & Trust Company,1,,,,,1,,,,,,2,0%,
De Witt Bank & Trust Co.,2,,,,,,,,,,,2,0%,
Dupaco Community CU,2,,,,,,,,,,,2,0%,
EH National Bank,1,1,,,,,,,,,,2,0%,
Capital Educators FCU,,,,1,,,1,,,,,2,0%,
Bank Midwest,1,1,,,,,,,,,,2,0%,
Branson Bank,2,,,,,,,,,,,2,0%,
AVB Bank,,,1,,,,1,,,,,2,0%,
Arkansas FCU,2,,,,,,,,,,,2,0%,
Bank of Hawaii,1,,1,,,,,,,,,2,0%,
Ashton State Bank,2,,,,,,,,,,,2,0%,
Bank Forward,,1,1,,,,,,,,,2,0%,
Bank of Ocean City,1,,1,,,,,,,,,2,0%,
Baxter CU,2,,,,,,,,,,,2,0%,
Cambridge Savings Bank,1,,,,,,,,1,,,2,0%,
"Alerus Financial, National Association",2,,,,,,,,,,,2,0%,
"Capital Bank, National Association",1,,,,,,,,1,,,2,0%,
Beartooth Bank,,2,,,,,,,,,,2,0%,
Bank of the James,1,1,,,,,,,,,,2,0%,
Bank Independent,,,,,,,1,1,,,,2,0%,
Boston Private Bank & Trust Company,,1,,,1,,,,,,,2,0%,
Bethpage FCU,1,,,,,,1,,,,,2,0%,
BTC Bank,2,,,,,,,,,,,2,0%,
Banco Popular de Puerto Rico,2,,,,,,,,,,,2,0%,
Burling Bank,,,,1,,,1,,,,,2,0%,
ABNB FCU,1,,,,,,1,,,,,2,0%,
"C3Bank, National Association",1,1,,,,,,,,,,2,0%,
Bank of Jackson Hole,,2,,,,,,,,,,2,0%,
Canvas CU,1,,,1,,,,,,,,2,0%,
Bank of Labor,1,,1,,,,,,,,,2,0%,
Armor Bank,1,1,,,,,,,,,,2,0%,
Bank of Little Rock,2,,,,,,,,,,,2,0%,
Capital City Bank,,1,,,,,1,,,,,2,0%,
BNB Bank,,,,,,,2,,,,,2,0%,
Capitol National Bank,1,,1,,,,,,,,,2,0%,
ANB Bank,2,,,,,,,,,,,2,0%,
Banesco USA,,,,,,,1,1,,,,2,0%,
Allied First Bank,1,,1,,,,,,,,,2,0%,
Carolina Bank & Trust Co.,1,1,,,,,,,,,,2,0%,
Andover State Bank,1,,,,,1,,,,,,2,0%,
Andrew Johnson Bank,1,1,,,,,,,,,,2,0%,
The Gorham State Bank,,1,,,,,,,,,,1,0%,
Westfield Bank,,,,,,,,1,,,,1,0%,
The Missouri Bank,,,1,,,,,,,,,1,0%,
The First National Bank of Carmi,,1,,,,,,,,,,1,0%,
The Northwestern Bank,1,,,,,,,,,,,1,0%,
The Walton State Bank,1,,,,,,,,,,,1,0%,
The Provident Bank,,,,,,1,,,,,,1,0%,
Virginia National Bank,,1,,,,,,,,,,1,0%,
Tradition Capital Bank,,,,,,,,1,,,,1,0%,
The Union Bank of Mena,,,,1,,,,,,,,1,0%,
"Wheaton Bank & Trust Company, National Association",,,,,,,,1,,,,1,0%,
The First State Bank of Shelby,1,,,,,,,,,,,1,0%,
U.P. State CU,1,,,,,,,,,,,1,0%,
Unico Bank,,,,1,,,,,,,,1,0%,
The First National Bank of Hutchinson,1,,,,,,,,,,,1,0%,
Visions FCU,1,,,,,,,,,,,1,0%,
Westamerica Bank,,1,,,,,,,,,,1,0%,
The First National Bank of Waseca,1,,,,,,,,,,,1,0%,
The Union State Bank of Everest,,1,,,,,,,,,,1,0%,
The HomeTown Bank of Alabama,,,,1,,,,,,,,1,0%,
TrailWest Bank,1,,,,,,,,,,,1,0%,
Triad Business Bank,1,,,,,,,,,,,1,0%,
USF FCU,1,,,,,,,,,,,1,0%,
The Idabel National Bank,,1,,,,,,,,,,1,0%,
The Citizens State Bank of Ouray,1,,,,,,,,,,,1,0%,
Walters Bank and Trust Company,1,,,,,,,,,,,1,0%,
Town & Country Bank and Trust Company,,,,,,,1,,,,,1,0%,
Union Savings Bank,,1,,,,,,,,,,1,0%,
The Clay City Banking Co,1,,,,,,,,,,,1,0%,
Washington County Bank,,,,,1,,,,,,,1,0%,
The Community State Bank,1,,,,,,,,,,,1,0%,
The Malvern National Bank,1,,,,,,,,,,,1,0%,
United States Senate FCU,1,,,,,,,,,,,1,0%,
Washington Savings Bank,1,,,,,,,,,,,1,0%,
The Pueblo Bank and Trust Company,1,,,,,,,,,,,1,0%,
Washington State Empl CU,1,,,,,,,,,,,1,0%,
"The Riley State Bank of Riley, Kansas",1,,,,,,,,,,,1,0%,
The Yellowstone Bank,1,,,,,,,,,,,1,0%,
The Harrison County Bank,1,,,,,,,,,,,1,0%,
"Waterford Bank, National Association",,1,,,,,,,,,,1,0%,
The First National Bank of Allendale,1,,,,,,,,,,,1,0%,
The Stock Exchange Bank,,,1,,,,,,,,,1,0%,
UniWyo FCU,,1,,,,,,,,,,1,0%,
Three Rivers Bank of Montana,1,,,,,,,,,,,1,0%,
Western Union Company,,1,,,,,,,,,,1,0%,
United Business Bank,,,,,,,,,,,1,1,0%,
The Freedom Bank of Virginia,,1,,,,,,,,,,1,0%,
Waukesha State Bank,1,,,,,,,,,,,1,0%,
The Eastern Colorado Bank,,,,1,,,,,,,,1,0%,
Waukon State Bank,1,,,,,,,,,,,1,0%,
Utah Community FCU,1,,,,,,,,,,,1,0%,
The Middlefield Banking Company,,,,,,,1,,,,,1,0%,
The City National Bank of Metropolis,1,,,,,,,,,,,1,0%,
The First National Bank of Long Island,,,1,,,,,,,,,1,0%,
The Hershey State Bank,,1,,,,,,,,,,1,0%,
United Community Bank of North Dakota,,,,,,,,,,1,,1,0%,
Two Rivers Bank & Trust,,,,,,,,1,,,,1,0%,
The Conway National Bank,,,,,,,1,,,,,1,0%,
"The Security National Bank of Sioux City, Iowa",1,,,,,,,,,,,1,0%,
United FCU,,,1,,,,,,,,,1,0%,
U.S. Century Bank,1,,,,,,,,,,,1,0%,
"United Fidelity Bank, FSB",1,,,,,,,,,,,1,0%,
The First National Bank and Trust Company of Broken Arrow,,,1,,,,,,,,,1,0%,
The Farmers State Bank,1,,,,,,,,,,,1,0%,
"Yosemite Farm Credit, Aca",,,,,1,,,,,,,1,0%,
West Michigan Community Bank,1,,,,,,,,,,,1,0%,
The Colorado Bank and Trust Company of La Junta,1,,,,,,,,,,,1,0%,
West Suburban Bank,,,,,,1,,,,,,1,0%,
Springfield State Bank,1,,,,,,,,,,,1,0%,
The Bank National Association,,1,,,,,,,,,,1,0%,
"Sterling Federal Bank, F.S.B.",,,,,,,1,,,,,1,0%,
Reliance Savings Bank d/b/a Reliance Bank,,,,,,1,,,,,,1,0%,
The Bank of Houston,,,,,,,1,,,,,1,0%,
Pinnacle Bank-Wyoming,1,,,,,,,,,,,1,0%,
Signature Bank of Arkansas,,,1,,,,,,,,,1,0%,
Tandem Bank,1,,,,,,,,,,,1,0%,
Red River State Bank,,,,,,,1,,,,,1,0%,
SSB Bank,1,,,,,,,,,,,1,0%,
The Bank of Carbondale,1,,,,,,,,,,,1,0%,
"Quail Creek Bank, National Association",,1,,,,,,,,,,1,0%,
Somerset Trust Company,,,,,,,,1,,,,1,0%,
Security Federal Bank,1,,,,,,,,,,,1,0%,
The Bryn Mawr Trust Company,,,1,,,,,,,,,1,0%,
Technology CU,,,,,1,,,,,,,1,0%,
Settlers Bank,1,,,,,,,,,,,1,0%,
Stanley Bank,,,,,,,1,,,,,1,0%,
Southern Bank and Trust Company,,1,,,,,,,,,,1,0%,
Tennessee State Bank,,,,1,,,,,,,,1,0%,
Southern Teachers & Parents FCU,1,,,,,,,,,,,1,0%,
STAR Financial Bank,,,,,,,1,,,,,1,0%,
"Raza Development Fund, Inc.",1,,,,,,,,,,,1,0%,
Star of Texas CU,,1,,,,,,,,,,1,0%,
Studio Bank,1,,,,,,,,,,,1,0%,
"Resource Bank, National Association",1,,,,,,,,,,,1,0%,
Summit CU,,1,,,,,,,,,,1,0%,
Star Tech FCU,1,,,,,,,,,,,1,0%,
Prairie Bank of Kansas,1,,,,,,,,,,,1,0%,
Starion Bank,1,,,,,,,,,,,1,0%,
PrinsBank,,,,,,,1,,,,,1,0%,
Richfield-Bloomington CU,1,,,,,,,,,,,1,0%,
Sutton Bank,1,,,,,,,,,,,1,0%,
Richland State Bank,,,,,,,1,,,,,1,0%,
Prairie Community Bank,1,,,,,,,,,,,1,0%,
Premier Members CU,1,,,,,,,,,,,1,0%,
SJN Bank of Kansas,1,,,,,,,,,,,1,0%,
Rio Grande Savings & Loan Association,1,,,,,,,,,,,1,0%,
Sentry Bank,,,,,,1,,,,,,1,0%,
River Bank & Trust,,,,,,1,,,,,,1,0%,
Southern Heritage Bank,,,,,1,,,,,,,1,0%,
River City Bank,,,1,,,,,,,,,1,0%,
SaviBank,1,,,,,,,,,,,1,0%,
Professional Bank,1,,,,,,,,,,,1,0%,
"Provident State Bank, Inc.",1,,,,,,,,,,,1,0%,
RiverHills Bank,1,,,,,,,,,,,1,0%,
Princeville State Bank,1,,,,,,,,,,,1,0%,
Riverland Bank,,,,,,1,,,,,,1,0%,
The Bank of Burlington,1,,,,,,,,,,,1,0%,
Raccoon Valley Bank,,,,,,1,,,,,,1,0%,
Popular Bank,,,,,,,,1,,,,1,0%,
Robertson Banking Company,,,1,,,,,,,,,1,0%,
The Bank of Fincastle,1,,,,,,,,,,,1,0%,
Red Crown FCU,1,,,,,,,,,,,1,0%,
Sturgis Bank & Trust Company,1,,,,,,,,,,,1,0%,
Primary Bank,,,,,,,1,,,,,1,0%,
The Bank of Marion,,,,,,,,1,,,,1,0%,
Solutions North Bank,,,,1,,,,,,,,1,0%,
Scott State Bank,1,,,,,,,,,,,1,0%,
RSNB Bank,,,,,,,1,,,,,1,0%,
Springfield First Community Bank,,,,,,,1,,,,,1,0%,
"Signature Bank, National Associatioin",,,,,,,,1,,,,1,0%,
Shoreline CU,,1,,,,,,,,,,1,0%,
State Savings Bank,1,,,,,,,,,,,1,0%,
Select Bank,1,,,,,,,,,,,1,0%,
State Street Bank and Trust Company,,1,,,,,,,,,,1,0%,
Surety Bank,1,,,,,,,,,,,1,0%,
SAFE CU,1,,,,,,,,,,,1,0%,
The Cecilian Bank,,,1,,,,,,,,,1,0%,
Prime Meridian Bank,1,,,,,,,,,,,1,0%,
Plattsmouth State Bank,,,,,1,,,,,,,1,0%,
Redwood CU,1,,,,,,,,,,,1,0%,
Select Bank & Trust Company,1,,,,,,,,,,,1,0%,
Prairie State Bank and Trust,,,,,,,,,,1,,1,0%,
Preferred Bank,,,,,,,1,,,,,1,0%,
Redwood Capital Bank,1,,,,,,,,,,,1,0%,
Partners Bank of California,,1,,,,,,,,,,1,0%,
Ottawa Savings Bank,1,,,,,,,,,,,1,0%,
Metropolitan Commercial Bank,,,1,,,,,,,,,1,0%,
Manufacturers Bank & Trust Company,,,,1,,,,,,,,1,0%,
"Native American Bank, National Association",,,,,,,,1,,,,1,0%,
Nicolet National Bank,,,1,,,,,,,,,1,0%,
Minnesota Lakes Bank,,,,,,1,,,,,,1,0%,
Lamar Bank and Trust Company,1,,,,,,,,,,,1,0%,
Pine River State Bank,1,,,,,,,,,,,1,0%,
North American Banking Company,,,,,1,,,,,,,1,0%,
Legacy Bank & Trust Company,,,,,,,1,,,,,1,0%,
Mazuma CU,,,1,,,,,,,,,1,0%,
Manasquan Bank,,,,,,,,,1,,,1,0%,
"North Shore Bank, A Cooperative Bank",1,,,,,,,,,,,1,0%,
Jovia Financial FCU,1,,,,,,,,,,,1,0%,
"North Shore Bank, FSB",,,,1,,,,,,,,1,0%,
Metairie Bank & Trust Company,,1,,,,,,,,,,1,0%,
"Maple City Savings Bank, FSB",1,,,,,,,,,,,1,0%,
"PeoplesBank, A Codorus Valley Company",1,,,,,,,,,,,1,0%,
North Star Community CU,1,,,,,,,,,,,1,0%,
Orrstown Bank,1,,,,,,,,,,,1,0%,
Malvern Bank,,1,,,,,,,,,,1,0%,
Ozark Bank,,,,,1,,,,,,,1,0%,
Kaw Valley State Bank and Trust Company,,1,,,,,,,,,,1,0%,
Merchants & Planters Bank,1,,,,,,,,,,,1,0%,
Northeast CU,1,,,,,,,,,,,1,0%,
Jonesboro State Bank,1,,,,,,,,,,,1,0%,
Northern Bank and Trust Company,,1,,,,,,,,,,1,0%,
IQ CU,,1,,,,,,,,,,1,0%,
Northfield Bank,,,,,,,1,,,,,1,0%,
Nebraska Bank of Commerce,1,,,,,,,,,,,1,0%,
Mountain Valley Bank,1,,,,,,,,,,,1,0%,
New Carlisle Federal Savings Bank,,1,,,,,,,,,,1,0%,
"Libertyville Bank & Trust Company, National Association",,,,,,,,1,,,,1,0%,
"Midstates Bank, National Association",1,,,,,,,,,,,1,0%,
Midwest Community Bank,1,,,,,,,,,,,1,0%,
Peoples Independent Bank,,,,,,,,1,,,,1,0%,
Northwest Bank & Trust Company,,,,1,,,,,,,,1,0%,
Integrity Bank & Trust,1,,,,,,,,,,,1,0%,
Northwest Community CU,1,,,,,,,,,,,1,0%,
Mi Bank,1,,,,,,,,,,,1,0%,
Investors Community Bank,1,,,,,,,,,,,1,0%,
Ledyard National Bank,1,,,,,,,,,,,1,0%,
"Northwestern Bank, National Association",,,,,,,1,,,,,1,0%,
"Malvern Bank, National Association",1,,,,,,,,,,,1,0%,
Marine Bank & Trust Company,1,,,,,,,,,,,1,0%,
Oxford Bank,,,,,,,,1,,,,1,0%,
Municipal Trust and Savings Bank,,1,,,,,,,,,,1,0%,
Marion County State Bank,1,,,,,,,,,,,1,0%,
Nusenda FCU,1,,,,,,,,,,,1,0%,
Merchants & Marine Bank,1,,,,,,,,,,,1,0%,
Oak Valley Community Bank,1,,,,,,,,,,,1,0%,
Marion State Bank,,1,,,,,,,,,,1,0%,
Lincoln Savings Bank,,,,,,1,,,,,,1,0%,
Kaua'i Government Employees' FCU,,,,,,,1,,,,,1,0%,
Mechanics & Farmers Bank,,,,,,1,,,,,,1,0%,
Marquette Savings Bank,,,1,,,,,,,,,1,0%,
Ocean Bank,1,,,,,,,,,,,1,0%,
Louisiana Catholic FCU,1,,,,,,,,,,,1,0%,
Oklahoma Central CU,1,,,,,,,,,,,1,0%,
Partners Bank,,1,,,,,,,,,,1,0%,
Kaw Valley Bank,1,,,,,,,,,,,1,0%,
Pathway Bank,1,,,,,,,,,,,1,0%,
Oklahoma's CU,1,,,,,,,,,,,1,0%,
International City Bank,1,,,,,,,,,,,1,0%,
Mega Bank,,1,,,,,,,,,,1,0%,
Midflorida CU,,1,,,,,,,,,,1,0%,
Kennebec Savings Bank,1,,,,,,,,,,,1,0%,
Lewis & Clark Bank,,1,,,,,,,,,,1,0%,
MutualOne Bank,,,1,,,,,,,,,1,0%,
Maine Savings FCU,1,,,,,,,,,,,1,0%,
"MVB Bank, Inc.",,,,1,,,,,,,,1,0%,
Mississippi FCU,1,,,,,,,,,,,1,0%,
OneSouth Bank,1,,,,,,,,,,,1,0%,
Peoples Bank of the South,,,1,,,,,,,,,1,0%,
Merchants & Farmers Bank & Trust Company,,,1,,,,,,,,,1,0%,
Iroquois Federal Savings & Loan Association,,,,,,,1,,,,,1,0%,
Lead Bank,1,,,,,,,,,,,1,0%,
Lake Michigan CU,,1,,,,,,,,,,1,0%,
Merchants & Farmers Bank of Greene County,,,,,,,1,,,,,1,0%,
PeoplesBank,,,1,,,,,,,,,1,0%,
Opportunity Bank of Montana,1,,,,,,,,,,,1,0%,
Phelps County Bank,,,1,,,,,,,,,1,0%,
"Iowa State Bank and Trust Company of Fairfield, Iowa",1,,,,,,,,,,,1,0%,
Pine Island Bank,1,,,,,,,,,,,1,0%,
OptimumBank,,1,,,,,,,,,,1,0%,
Midwest Bank National Association,,,,,,,1,,,,,1,0%,
MidAmerica National Bank,,1,,,,,,,,,,1,0%,
"KEB Hana Bank USA, National Association",1,,,,,,,,,,,1,0%,
First National Bank USA,,,,,,,,1,,,,1,0%,
First Missouri State Bank of Cape County,,,1,,,,,,,,,1,0%,
First-Citizens National Bank,,,,,1,,,,,,,1,0%,
Grinnell State Bank,1,,,,,,,,,,,1,0%,
First Western Bank,,1,,,,,,,,,,1,0%,
Frontwave CU,1,,,,,,,,,,,1,0%,
First National Bank of Picayune,1,,,,,,,,,,,1,0%,
First Federal Savings & Loan Association of Lakewood,,,,1,,,,,,,,1,0%,
HOMEBANK,,,,1,,,,,,,,1,0%,
Fulda Area CU,1,,,,,,,,,,,1,0%,
Fourth Capital Bank,,,,,,,1,,,,,1,0%,
"Fulton Bank, National Association",,,1,,,,,,,,,1,0%,
First Western Bank & Trust,,,,1,,,,,,,,1,0%,
"Guaranty Bank & Trust Company of Delhi, Louisiana",,1,,,,,,,,,,1,0%,
First National Bank North,1,,,,,,,,,,,1,0%,
First Metro Bank,,,1,,,,,,,,,1,0%,
Gold Coast Bank,1,,,,,,,,,,,1,0%,
First Palmetto Bank,,1,,,,,,,,,,1,0%,
"Home Loan Investment Bank, F.S.B.",1,,,,,,,,,,,1,0%,
FlatIrons Bank,,,,,,,1,,,,,1,0%,
First Volunteer Bank,1,,,,,,,,,,,1,0%,
Flatwater Bank,1,,,,,,,,,,,1,0%,
First Heritage Bank,,,,,,,1,,,,,1,0%,
FVCbank,,,,,,,,,,1,,1,0%,
First Sound Bank,1,,,,,,,,,,,1,0%,
First Federal Savings Bank,1,,,,,,,,,,,1,0%,
Idaho Trust Bank,,,,,,,,1,,,,1,0%,
First Resource Bank,,,,,,,,,1,,,1,0%,
First Southern State Bank,1,,,,,,,,,,,1,0%,
First National Bank and Trust Company,1,,,,,,,,,,,1,0%,
First State Bank & Trust,1,,,,,,,,,,,1,0%,
HarborOne Bank,1,,,,,,,,,,,1,0%,
First National Bank of Coffee County,,,,,,,,1,,,,1,0%,
FNB Community Bank,,,,1,,,,,,,,1,0%,
Hills Bank and Trust Company,,,,,,,,1,,,,1,0%,
FNB Washington,,,1,,,,,,,,,1,0%,
Inspire FCU,1,,,,,,,,,,,1,0%,
First Federal Savings Bank of Twin Falls,,1,,,,,,,,,,1,0%,
Golden Valley Bank,,,,1,,,,,,,,1,0%,
Heart of Louisiana FCU,1,,,,,,,,,,,1,0%,
First Vision Bank of Tennessee,,,,1,,,,,,,,1,0%,
First National Bank of Pasco,1,,,,,,,,,,,1,0%,
First Security Bank of Nevada,,1,,,,,,,,,,1,0%,
FNBC Bank and Trust,,1,,,,,,,,,,1,0%,
Homestead Savings Bank,,,,,,,1,,,,,1,0%,
Georgia's Own CU,,1,,,,,,,,,,1,0%,
First Sentinel Bank,,,,1,,,,,,,,1,0%,
Heartland State Bank,1,,,,,,,,,,,1,0%,
First National Bank of Eastern Arkansas,1,,,,,,,,,,,1,0%,
Heartland Tri-State Bank,,,,,,,1,,,,,1,0%,
Franklin Bank & Trust Company,1,,,,,,,,,,,1,0%,
Forest Park National Bank and Trust Company,,,,,1,,,,,,,1,0%,
Franklin Synergy Bank,1,,,,,,,,,,,1,0%,
Heritage Bank of St. Tammany,1,,,,,,,,,,,1,0%,
First Southern National Bank,,,,,,1,,,,,,1,0%,
"Heritage Bank, A Division of",1,,,,,,,,,,,1,0%,
FirstState Bank,1,,,,,,,,,,,1,0%,
First National Bank of Clarksdale,1,,,,,,,,,,,1,0%,
First Eagle Bank,1,,,,,,,,,,,1,0%,
Heritage Community Bank,,,,,,,,1,,,,1,0%,
First Citrus Bank,1,,,,,,,,,,,1,0%,
Heritage FCU,1,,,,,,,,,,,1,0%,
"First Neighbor Bank, National Association",,,,,,,1,,,,,1,0%,
First Security Bank & Trust Company,1,,,,,,,,,,,1,0%,
Inland Bank and Trust,,,,,,,1,,,,,1,0%,
Glens Falls National Bank and Trust Company,,1,,,,,,,,,,1,0%,
Flagler Bank,1,,,,,,,,,,,1,0%,
Glenwood State Bank Incorporated,,1,,,,,,,,,,1,0%,
"Golden Belt Bank, FSA",1,,,,,,,,,,,1,0%,
Cornerstone Community Bank,,,,,1,,,,,,,1,0%,
Chappell Hill Bank,,,1,,,,,,,,,1,0%,
Douglas National Bank,,,,,,,,1,,,,1,0%,
Empire Financial FCU,,,,,,1,,,,,,1,0%,
Clearwater FCU,,,,,,,,1,,,,1,0%,
Emprise Bank,,,,,,,,1,,,,1,0%,
Community Savings Bank,,,1,,,,,,,,,1,0%,
Endeavor Bank,,,,,,1,,,,,,1,0%,
Citizens State Bank of Milford,1,,,,,,,,,,,1,0%,
Chisholm Trail State Bank,1,,,,,,,,,,,1,0%,
Fieldpoint Private Bank & Trust,,,,,,1,,,,,,1,0%,
Enterprise Bank,1,,,,,,,,,,,1,0%,
First Arkansas Bank and Trust,,,,,,,,,,1,,1,0%,
Cyprus FCU,1,,,,,,,,,,,1,0%,
First Bank Kansas,1,,,,,,,,,,,1,0%,
Equitable Bank,1,,,,,,,,,,,1,0%,
"First Bankers Trust Company, National Association",1,,,,,,,,,,,1,0%,
D. L. Evans Bank,,1,,,,,,,,,,1,0%,
Commercial Bank,1,,,,,,,,,,,1,0%,
Essential FCU,,,,,1,,,,,,,1,0%,
Central State Bank,1,,,,,,,,,,,1,0%,
Dacotah Bank,,1,,,,,,,,,,1,0%,
Fidelity Deposit and Discount Bank,,,1,,,,,,,,,1,0%,
Evergreen Bank Group,,,1,,,,,,,,,1,0%,
Clearpath FCU,,1,,,,,,,,,,1,0%,
Concordia Bank & Trust Company,1,,,,,,,,,,,1,0%,
First American Bank & Trust,,1,,,,,,,,,,1,0%,
Dakota Western Bank,,,,,1,,,,,,,1,0%,
Community Bank of Georgia,,,,,,,1,,,,,1,0%,
Exchange Bank and Trust Company,1,,,,,,,,,,,1,0%,
Citizens Bank of Lafayette,,,,,,,1,,,,,1,0%,
Citizens National Bank of Albion,,,,,,,,1,,,,1,0%,
First Bank of Highland Park,,1,,,,,,,,,,1,0%,
F & C Bank,1,,,,,,,,,,,1,0%,
First Bank Richmond,1,,,,,,,,,,,1,0%,
CorTrust Bank National Association,1,,,,,,,,,,,1,0%,
Embers CU,1,,,,,,,,,,,1,0%,
Chemung Canal Trust Company,,,1,,,,,,,,,1,0%,
Farmers State Bank of Calhan,,,1,,,,,,,,,1,0%,
Delta Bank,1,,,,,,,,,,,1,0%,
Farmers-Merchants Bank & Trust Company,,,,,,,1,,,,,1,0%,
Falcon National Bank,1,,,,,,,,,,,1,0%,
Centra CU,1,,,,,,,,,,,1,0%,
Citizens Community Federal National Association,,,,,,,,1,,,,1,0%,
Community First Bank of the Heartland,,,,,,,1,,,,,1,0%,
cPort CU,1,,,,,,,,,,,1,0%,
Community First Bank of Indiana,1,,,,,,,,,,,1,0%,
"Farm Credit of South Florida, ACA",1,,,,,,,,,,,1,0%,
Central Bank of Lake of the Ozarks,1,,,,,,,,,,,1,0%,
Citizens & Northern Bank,,,,,,,,1,,,,1,0%,
Commercial State Bank of Wagner,1,,,,,,,,,,,1,0%,
Citizens Progressive Bank,,,,,,,1,,,,,1,0%,
Crown Bank,1,,,,,,,,,,,1,0%,
Farmers & Merchants Bank of Central California,,,,,,,,1,,,,1,0%,
Centric Bank,1,,,,,,,,,,,1,0%,
Devon Bank,,1,,,,,,,,,,1,0%,
First American National Bank,1,,,,,,,,,,,1,0%,
Century First FCU,1,,,,,,,,,,,1,0%,
Community Neighbor Bank,,1,,,,,,,,,,1,0%,
Farmers and Merchants Bank of St. Clair,1,,,,,,,,,,,1,0%,
Chaffey FCU,1,,,,,,,,,,,1,0%,
Farmers and Merchants State Bank,1,,,,,,,,,,,1,0%,
"Citizens Bank of Kentucky, Inc.",,,,,1,,,,,,,1,0%,
"CFBank, National Association",1,,,,,,,,,,,1,0%,
First Bank Elk River,1,,,,,,,,,,,1,0%,
Dogwood State Bank,1,,,,,,,,,,,1,0%,
Century Bank of the Ozarks,1,,,,,,,,,,,1,0%,
Citizens Alliance Bank,1,,,,,,,,,,,1,0%,
First Bank of Manhattan,1,,,,,,,,,,,1,0%,
Central Bank of Branson,1,,,,,,,,,,,1,0%,
"Community Bank of Wichita, Inc",,,,1,,,,,,,,1,0%,
Farmers Savings Bank,1,,,,,,,,,,,1,0%,
"First Bank, Upper Michigan",,1,,,,,,,,,,1,0%,
CommerceOne Bank,,,,,,,1,,,,,1,0%,
Embassy National Bank,,1,,,,,,,,,,1,0%,
Cross County Bank,,,,,,,,1,,,,1,0%,
CornerStone State Bank,1,,,,,,,,,,,1,0%,
Farmers State Bank & Trust Co.,1,,,,,,,,,,,1,0%,
"CNB Bank and Trust, National Association",,1,,,,,,,,,,1,0%,
Centinel Bank of Taos,,,,,,1,,,,,,1,0%,
"Cornerstone Bank, National Association",1,,,,,,,,,,,1,0%,
Cambridge State Bank,,,,,,1,,,,,,1,0%,
Capitol Federal Savings Bank,1,,,,,,,,,,,1,0%,
Bankers' Bank of Kansas,1,,,,,,,,,,,1,0%,
Bodcaw Bank,1,,,,,,,,,,,1,0%,
Carson Community Bank,,1,,,,,,,,,,1,0%,
Bank of Madison,,,,1,,,,,,,,1,0%,
Affinity Plus FCU,1,,,,,,,,,,,1,0%,
Bogota Savings Bank,,,1,,,,,,,,,1,0%,
Blue Foundry Bank,1,,,,,,,,,,,1,0%,
Bank Hapoalim B.M. - New York Branch,,,,,,,1,,,,,1,0%,
BankFirst,,1,,,,,,,,,,1,0%,
Anchor State Bank,1,,,,,,,,,,,1,0%,
ACNB Bank,1,,,,,,,,,,,1,0%,
Boonville Federal Savings Bank,1,,,,,,,,,,,1,0%,
Campus FCU,,1,,,,,,,,,,1,0%,
"Barrington Bank & Trust Company, National Association",,,,,1,,,,,,,1,0%,
BankSouth,,,,,,,,1,,,,1,0%,
Bangor Savings Bank,1,,,,,,,,,,,1,0%,
American Bank Center,1,,,,,,,,,,,1,0%,
Bayer Heritage FCU,1,,,,,,,,,,,1,0%,
1st Bank in Hominy,1,,,,,,,,,,,1,0%,
Bank of Montana,,,,,,,,,1,,,1,0%,
"Bank First, N.A.",,,,,,,1,,,,,1,0%,
Astra Bank,1,,,,,,,,,,,1,0%,
BNC National Bank,1,,,,,,,,,,,1,0%,
Cedar Rapids Bank and Trust Company,,,,,1,,,,,,,1,0%,
American Federal Bank,1,,,,,,,,,,,1,0%,
American First CU,1,,,,,,,,,,,1,0%,
Baraboo State Bank,,1,,,,,,,,,,1,0%,
Centera Bank,1,,,,,,,,,,,1,0%,
Camden National Bank,,,,,,,1,,,,,1,0%,
Bryant Bank,1,,,,,,,,,,,1,0%,
Availa Bank,,,,,,,1,,,,,1,0%,
Bank of New Hampshire,,,,,,,,1,,,,1,0%,
Capital Area Realtors FCU,,1,,,,,,,,,,1,0%,
Bank of Oak Ridge,1,,,,,,,,,,,1,0%,
Baker Boyer National Bank,1,,,,,,,,,,,1,0%,
"AgCountry Farm Credit Service, PCA",,,1,,,,,,,,,1,0%,
Black Hills FCU,1,,,,,,,,,,,1,0%,
Beach Community Bank,1,,,,,,,,,,,1,0%,
Capital CU,,,,1,,,,,,,,1,0%,
Bank of Pensacola,,,,1,,,,,,,,1,0%,
Bank of Sunset & Trust Company,,,1,,,,,,,,,1,0%,
BankNewport,,,,,,,1,,,,,1,0%,
Bank of the Flint Hills,1,,,,,,,,,,,1,0%,
Bank of Franklin County,,1,,,,,,,,,,1,0%,
Bankers Trust Company,,,,,1,,,,,,,1,0%,
Bank of Prairie Village,1,,,,,,,,,,,1,0%,
American Community Bank,,,,,,,1,,,,,1,0%,
Arizona FCU,1,,,,,,,,,,,1,0%,
Aspire Bank,1,,,,,,,,,,,1,0%,
AmeriServ Financial Bank,,,,,,,1,,,,,1,0%,
Bank of the Sierra,1,,,,,,,,,,,1,0%,
1st Summit Bank,1,,,,,,,,,,,1,0%,
Alva State Bank & Trust Company,1,,,,,,,,,,,1,0%,
Arkansas County Bank,1,,,,,,,,,,,1,0%,
American National Bank and Trust Company,,1,,,,,,,,,,1,0%,
American Community Bank & Trust,,,,1,,,,,,,,1,0%,
Bank of Utica,,1,,,,,,,,,,1,0%,
American Bank of Missouri,,,,,1,,,,,,,1,0%,
Allegacy FCU,1,,,,,,,,,,,1,0%,
Bank of Central Florida,,,,,,,,1,,,,1,0%,
Bank of Monticello,1,,,,,,,,,,,1,0%,
"American Savings Bank, FSB",,,,,,,,1,,,,1,0%,
Bank of New England,1,,,,,,,,,,,1,0%,
Bank of Columbia,,,,,1,,,,,,,1,0%,
Bruning Bank,1,,,,,,,,,,,1,0%,
"Bank of Hillsboro, National Association",1,,,,,,,,,,,1,0%,
"	Farm Credit of Western Oklahoma, ACA",1,,,,,,,,,,,1,0%,
Bank of Holly Springs,,,1,,,,,,,,,1,0%,
Grand Total,220413,66142,34176,20795,13922,9719,30202,15661,4013,1850,373,417266,,
